PO_ID,Supplier,Material,Category,Quantity,Unit_Price_USD,Total_Spend_USD,Purchase_Date,Lead_Time_Days,Delivery_Date,On_Time,Facility,Country
PO-11094,Apex Pharma Materials,Packaging Film,Packaging,1069,17.61,18825.09,2024-01-05,10,2024-01-17,Yes,"Facility B - Indianapolis, IN",Switzerland
PO-11025,NovaChem Ltd,Cold Chain Packaging,Packaging,555,16.4,9102.0,2024-01-06,20,2024-01-27,Yes,"Facility D - Cork, Ireland",China
PO-10097,Apex Pharma Materials,Lab Reagents,Lab Supplies,1397,129.44,180827.68,2024-01-07,24,2024-02-02,Yes,Facility C - Puerto Rico,Switzerland
PO-10347,GlobalMed Ingredients,Stainless Steel Components,Manufacturing Consumables,546,342.32,186906.72,2024-01-07,40,2024-02-18,Yes,"Facility A - New Brunswick, NJ",Ireland
PO-10486,ChemPro Solutions,Packaging Film,Packaging,459,11.29,5182.11,2024-01-07,11,2024-01-17,Yes,Facility E - Singapore,India
PO-11156,Meridian Chem Group,Stainless Steel Components,Manufacturing Consumables,280,203.83,57072.4,2024-01-08,38,2024-02-21,No,"Facility A - New Brunswick, NJ",China
PO-10982,PurePharm Supply Co,Blister Packs,Packaging,580,9.38,5440.4,2024-01-08,15,2024-01-22,Yes,Facility E - Singapore,USA
PO-10166,PurePharm Supply Co,Sterile Syringes,Medical Devices,1605,3.53,5665.65,2024-01-10,31,2024-02-08,Yes,Facility E - Singapore,USA
PO-10191,PharmaCorp Global,Stainless Steel Components,Manufacturing Consumables,2895,291.82,844818.9,2024-01-10,25,2024-02-14,No,Facility E - Singapore,USA
PO-10344,Meridian Chem Group,Sterile Syringes,Medical Devices,2854,2.14,6107.56,2024-01-11,29,2024-02-09,Yes,"Facility D - Cork, Ireland",China
PO-10543,BioSupply Partners,Glass Vials,Packaging,780,5.56,4336.8,2024-01-11,16,2024-02-14,No,Facility E - Singapore,Germany
PO-10667,BioSupply Partners,Sterile Syringes,Medical Devices,1114,2.89,3219.46,2024-01-11,12,2024-01-21,Yes,"Facility D - Cork, Ireland",Germany
PO-11001,NovaChem Ltd,Blister Packs,Packaging,5344,6.81,36392.64,2024-01-12,9,2024-01-20,Yes,"Facility A - New Brunswick, NJ",China
PO-10695,Vertex Bio Supply,Stainless Steel Components,Manufacturing Consumables,1002,276.19,276742.38,2024-01-12,55,2024-03-09,Yes,Facility C - Puerto Rico,India
PO-10847,MedSource Industries,Stainless Steel Components,Manufacturing Consumables,869,280.46,243719.74,2024-01-12,34,2024-03-03,No,Facility C - Puerto Rico,USA
PO-10945,Vertex Bio Supply,Stainless Steel Components,Manufacturing Consumables,3255,249.94,813554.7,2024-01-12,26,2024-02-26,No,Facility C - Puerto Rico,India
PO-10272,GlobalMed Ingredients,Excipients,Raw Materials,2136,71.14,151955.04,2024-01-13,24,2024-02-07,Yes,"Facility B - Indianapolis, IN",Ireland
PO-11186,Apex Pharma Materials,Lab Reagents,Lab Supplies,4758,139.36,663074.88,2024-01-13,18,2024-01-31,Yes,Facility E - Singapore,Switzerland
PO-10467,MedSource Industries,Cold Chain Packaging,Packaging,2639,22.77,60090.03,2024-01-14,15,2024-01-30,Yes,"Facility A - New Brunswick, NJ",USA
PO-11054,PharmaCorp Global,Sterile Syringes,Medical Devices,1939,3.53,6844.67,2024-01-14,13,2024-01-28,Yes,"Facility B - Indianapolis, IN",USA
PO-10294,PharmaCorp Global,Excipients,Raw Materials,495,84.75,41951.25,2024-01-15,19,2024-02-02,Yes,Facility E - Singapore,USA
PO-11046,Meridian Chem Group,Excipients,Raw Materials,1073,70.78,75946.94,2024-01-15,11,2024-02-05,No,"Facility A - New Brunswick, NJ",China
PO-10905,GlobalMed Ingredients,Filtration Media,Manufacturing Consumables,1653,72.22,119379.66,2024-01-15,30,2024-02-15,Yes,Facility E - Singapore,Ireland
PO-10479,Meridian Chem Group,Cold Chain Packaging,Packaging,736,18.77,13814.72,2024-01-15,10,2024-01-23,Yes,Facility E - Singapore,China
PO-10007,Apex Pharma Materials,Stainless Steel Components,Manufacturing Consumables,370,307.84,113900.8,2024-01-15,27,2024-02-09,Yes,"Facility A - New Brunswick, NJ",Switzerland
PO-10934,Meridian Chem Group,Cold Chain Packaging,Packaging,1554,16.23,25221.42,2024-01-16,13,2024-01-30,Yes,"Facility B - Indianapolis, IN",China
PO-10687,MedSource Industries,Filtration Media,Manufacturing Consumables,2212,63.16,139709.92,2024-01-16,28,2024-02-14,Yes,Facility C - Puerto Rico,USA
PO-10285,Apex Pharma Materials,Sterile Syringes,Medical Devices,1110,3.35,3718.5,2024-01-17,15,2024-02-14,No,"Facility A - New Brunswick, NJ",Switzerland
PO-10193,GlobalMed Ingredients,Blister Packs,Packaging,2331,7.19,16759.89,2024-01-17,15,2024-02-11,No,"Facility B - Indianapolis, IN",Ireland
PO-11143,BioSupply Partners,Lab Reagents,Lab Supplies,2484,127.93,317778.12,2024-01-17,23,2024-02-08,Yes,Facility E - Singapore,Germany
PO-10773,BioSupply Partners,Blister Packs,Packaging,1363,8.56,11667.28,2024-01-17,8,2024-01-25,Yes,"Facility A - New Brunswick, NJ",Germany
PO-11145,BioSupply Partners,Lab Reagents,Lab Supplies,1088,117.52,127861.76,2024-01-18,17,2024-02-04,Yes,"Facility D - Cork, Ireland",Germany
PO-10618,NovaChem Ltd,Active Pharmaceutical Ingredient (API),Raw Materials,383,292.23,111924.09,2024-01-18,50,2024-03-06,Yes,"Facility B - Indianapolis, IN",China
PO-10719,Meridian Chem Group,Stainless Steel Components,Manufacturing Consumables,417,202.56,84467.52,2024-01-20,25,2024-02-18,No,Facility E - Singapore,China
PO-10532,Meridian Chem Group,Lab Reagents,Lab Supplies,2272,81.52,185213.44,2024-01-20,20,2024-02-18,No,"Facility A - New Brunswick, NJ",China
PO-10190,ChemPro Solutions,Excipients,Raw Materials,88,63.22,5563.36,2024-01-21,17,2024-02-26,No,"Facility A - New Brunswick, NJ",India
PO-10602,Apex Pharma Materials,Glass Vials,Packaging,890,5.81,5170.9,2024-01-21,19,2024-02-10,Yes,Facility E - Singapore,Switzerland
PO-10132,BioSupply Partners,Active Pharmaceutical Ingredient (API),Raw Materials,884,433.13,382886.92,2024-01-21,24,2024-02-13,Yes,Facility E - Singapore,Germany
PO-10640,Meridian Chem Group,Stainless Steel Components,Manufacturing Consumables,864,219.85,189950.4,2024-01-21,34,2024-02-22,Yes,Facility C - Puerto Rico,China
PO-10940,MedSource Industries,Glass Vials,Packaging,1600,5.43,8688.0,2024-01-22,12,2024-02-05,Yes,Facility E - Singapore,USA
PO-10819,NovaChem Ltd,Filtration Media,Manufacturing Consumables,1835,48.31,88648.85,2024-01-22,31,2024-02-24,Yes,"Facility B - Indianapolis, IN",China
PO-10274,Apex Pharma Materials,Packaging Film,Packaging,3290,19.26,63365.4,2024-01-23,6,2024-01-28,Yes,"Facility B - Indianapolis, IN",Switzerland
PO-11097,PharmaCorp Global,Glass Vials,Packaging,591,5.07,2996.37,2024-01-23,12,2024-02-04,Yes,Facility C - Puerto Rico,USA
PO-10894,Meridian Chem Group,Blister Packs,Packaging,1010,5.51,5565.1,2024-01-24,8,2024-02-16,No,Facility C - Puerto Rico,China
PO-10643,PharmaCorp Global,Stainless Steel Components,Manufacturing Consumables,618,279.43,172687.74,2024-01-24,40,2024-03-03,Yes,Facility E - Singapore,USA
PO-10704,MedSource Industries,Active Pharmaceutical Ingredient (API),Raw Materials,992,407.44,404180.48,2024-01-24,35,2024-03-01,Yes,Facility E - Singapore,USA
PO-10881,Apex Pharma Materials,Lab Reagents,Lab Supplies,1574,158.69,249778.06,2024-01-24,16,2024-02-11,Yes,"Facility D - Cork, Ireland",Switzerland
PO-10966,PurePharm Supply Co,Active Pharmaceutical Ingredient (API),Raw Materials,299,451.87,135109.13,2024-01-24,35,2024-02-28,Yes,Facility E - Singapore,USA
PO-10399,ChemPro Solutions,Lab Reagents,Lab Supplies,1691,102.74,173733.34,2024-01-25,18,2024-02-10,Yes,"Facility B - Indianapolis, IN",India
PO-10588,NovaChem Ltd,Active Pharmaceutical Ingredient (API),Raw Materials,2017,317.95,641305.15,2024-01-26,53,2024-03-19,Yes,"Facility A - New Brunswick, NJ",China
PO-11108,NovaChem Ltd,Sterile Syringes,Medical Devices,677,2.32,1570.64,2024-01-27,19,2024-02-14,Yes,Facility C - Puerto Rico,China
PO-10566,PharmaCorp Global,Sterile Syringes,Medical Devices,1510,3.59,5420.9,2024-01-27,30,2024-02-26,Yes,"Facility A - New Brunswick, NJ",USA
PO-10584,BioSupply Partners,Cold Chain Packaging,Packaging,1102,26.78,29511.56,2024-01-29,9,2024-02-05,Yes,"Facility B - Indianapolis, IN",Germany
PO-10441,Meridian Chem Group,Blister Packs,Packaging,654,6.58,4303.32,2024-01-29,7,2024-02-03,Yes,Facility C - Puerto Rico,China
PO-11149,Meridian Chem Group,Filtration Media,Manufacturing Consumables,1581,57.86,91476.66,2024-01-30,20,2024-02-20,Yes,Facility E - Singapore,China
PO-10125,NovaChem Ltd,Filtration Media,Manufacturing Consumables,1928,55.5,107004.0,2024-01-31,23,2024-02-22,Yes,"Facility D - Cork, Ireland",China
PO-11179,Apex Pharma Materials,Active Pharmaceutical Ingredient (API),Raw Materials,2647,579.86,1534889.42,2024-01-31,26,2024-02-27,Yes,Facility E - Singapore,Switzerland
PO-10728,Vertex Bio Supply,Packaging Film,Packaging,3102,12.24,37968.48,2024-01-31,9,2024-02-21,No,"Facility B - Indianapolis, IN",India
PO-10931,Apex Pharma Materials,Packaging Film,Packaging,1357,19.8,26868.6,2024-02-01,8,2024-02-10,Yes,Facility E - Singapore,Switzerland
PO-10092,GlobalMed Ingredients,Packaging Film,Packaging,1170,17.13,20042.1,2024-02-01,15,2024-02-16,Yes,"Facility B - Indianapolis, IN",Ireland
PO-10772,BioSupply Partners,Lab Reagents,Lab Supplies,2191,137.36,300955.76,2024-02-01,14,2024-02-15,Yes,Facility E - Singapore,Germany
PO-10803,ChemPro Solutions,Active Pharmaceutical Ingredient (API),Raw Materials,2017,384.79,776121.43,2024-02-02,33,2024-03-05,Yes,"Facility D - Cork, Ireland",India
PO-10321,NovaChem Ltd,Active Pharmaceutical Ingredient (API),Raw Materials,2670,311.9,832773.0,2024-02-02,42,2024-03-13,Yes,Facility C - Puerto Rico,China
PO-11052,GlobalMed Ingredients,Cold Chain Packaging,Packaging,409,20.33,8314.97,2024-02-04,8,2024-02-12,Yes,"Facility D - Cork, Ireland",Ireland
PO-10835,GlobalMed Ingredients,Lab Reagents,Lab Supplies,1741,138.57,241250.37,2024-02-05,14,2024-02-17,Yes,"Facility D - Cork, Ireland",Ireland
PO-10026,ChemPro Solutions,Packaging Film,Packaging,1321,13.38,17674.98,2024-02-06,10,2024-03-06,No,Facility E - Singapore,India
PO-10567,MedSource Industries,Stainless Steel Components,Manufacturing Consumables,3827,258.05,987557.35,2024-02-07,40,2024-03-16,Yes,Facility C - Puerto Rico,USA
PO-10337,NovaChem Ltd,Stainless Steel Components,Manufacturing Consumables,886,208.82,185014.52,2024-02-07,47,2024-03-27,Yes,Facility E - Singapore,China
PO-10049,NovaChem Ltd,Packaging Film,Packaging,1680,12.62,21201.6,2024-02-08,13,2024-02-23,Yes,Facility E - Singapore,China
PO-11073,PurePharm Supply Co,Lab Reagents,Lab Supplies,1112,136.57,151865.84,2024-02-08,10,2024-02-19,Yes,Facility C - Puerto Rico,USA
PO-10045,BioSupply Partners,Cold Chain Packaging,Packaging,330,26.72,8817.6,2024-02-08,14,2024-02-21,Yes,"Facility B - Indianapolis, IN",Germany
PO-10115,GlobalMed Ingredients,Excipients,Raw Materials,2034,88.91,180842.94,2024-02-08,32,2024-03-09,Yes,"Facility B - Indianapolis, IN",Ireland
PO-10331,Vertex Bio Supply,Sterile Syringes,Medical Devices,4567,2.24,10230.08,2024-02-08,22,2024-03-02,Yes,"Facility A - New Brunswick, NJ",India
PO-10307,ChemPro Solutions,Sterile Syringes,Medical Devices,1344,2.62,3521.28,2024-02-09,23,2024-03-04,Yes,"Facility B - Indianapolis, IN",India
PO-10965,Vertex Bio Supply,Lab Reagents,Lab Supplies,2140,106.35,227589.0,2024-02-09,17,2024-02-26,Yes,Facility C - Puerto Rico,India
PO-10102,NovaChem Ltd,Excipients,Raw Materials,1725,65.67,113280.75,2024-02-10,22,2024-03-02,Yes,"Facility D - Cork, Ireland",China
PO-11162,NovaChem Ltd,Glass Vials,Packaging,1028,4.25,4369.0,2024-02-10,16,2024-02-28,Yes,"Facility A - New Brunswick, NJ",China
PO-10054,PurePharm Supply Co,Sterile Syringes,Medical Devices,1176,3.32,3904.32,2024-02-10,13,2024-02-23,Yes,"Facility A - New Brunswick, NJ",USA
PO-10556,ChemPro Solutions,Excipients,Raw Materials,3576,54.54,195035.04,2024-02-11,18,2024-02-28,Yes,Facility C - Puerto Rico,India
PO-10702,GlobalMed Ingredients,Excipients,Raw Materials,142,83.69,11883.98,2024-02-12,13,2024-02-24,Yes,Facility E - Singapore,Ireland
PO-10109,BioSupply Partners,Lab Reagents,Lab Supplies,961,128.79,123767.19,2024-02-13,20,2024-03-05,Yes,Facility C - Puerto Rico,Germany
PO-10289,BioSupply Partners,Cold Chain Packaging,Packaging,3107,23.1,71771.7,2024-02-14,14,2024-02-29,Yes,Facility C - Puerto Rico,Germany
PO-10932,BioSupply Partners,Cold Chain Packaging,Packaging,1302,22.71,29568.42,2024-02-15,11,2024-02-28,Yes,Facility E - Singapore,Germany
PO-10770,PharmaCorp Global,Active Pharmaceutical Ingredient (API),Raw Materials,866,406.05,351639.3,2024-02-15,54,2024-04-07,Yes,Facility C - Puerto Rico,USA
PO-10968,Apex Pharma Materials,Cold Chain Packaging,Packaging,2717,27.68,75206.56,2024-02-16,22,2024-03-07,Yes,Facility C - Puerto Rico,Switzerland
PO-10850,Apex Pharma Materials,Stainless Steel Components,Manufacturing Consumables,2375,343.05,814743.75,2024-02-18,30,2024-03-19,Yes,"Facility B - Indianapolis, IN",Switzerland
PO-11197,Meridian Chem Group,Blister Packs,Packaging,1763,7.02,12376.26,2024-02-18,12,2024-02-29,Yes,"Facility D - Cork, Ireland",China
PO-10520,Meridian Chem Group,Packaging Film,Packaging,3586,11.14,39948.04,2024-02-18,10,2024-03-04,No,"Facility D - Cork, Ireland",China
PO-11188,PurePharm Supply Co,Sterile Syringes,Medical Devices,652,3.35,2184.2,2024-02-19,28,2024-03-20,Yes,"Facility B - Indianapolis, IN",USA
PO-10156,PurePharm Supply Co,Cold Chain Packaging,Packaging,2832,24.89,70488.48,2024-02-22,18,2024-03-09,Yes,"Facility B - Indianapolis, IN",USA
PO-11160,GlobalMed Ingredients,Excipients,Raw Materials,1486,86.65,128761.9,2024-02-22,18,2024-03-09,Yes,"Facility A - New Brunswick, NJ",Ireland
PO-10275,ChemPro Solutions,Stainless Steel Components,Manufacturing Consumables,4774,237.35,1133108.9,2024-02-22,42,2024-04-10,No,Facility E - Singapore,India
PO-10063,PurePharm Supply Co,Active Pharmaceutical Ingredient (API),Raw Materials,234,555.99,130101.66,2024-02-22,44,2024-04-06,Yes,Facility C - Puerto Rico,USA
PO-10861,PharmaCorp Global,Cold Chain Packaging,Packaging,907,20.27,18384.89,2024-02-23,14,2024-03-08,Yes,"Facility A - New Brunswick, NJ",USA
PO-10418,BioSupply Partners,Blister Packs,Packaging,983,10.11,9938.13,2024-02-23,10,2024-03-02,Yes,Facility C - Puerto Rico,Germany
PO-10184,Apex Pharma Materials,Packaging Film,Packaging,832,18.57,15450.24,2024-02-25,8,2024-03-04,Yes,"Facility A - New Brunswick, NJ",Switzerland
PO-10804,Vertex Bio Supply,Cold Chain Packaging,Packaging,587,15.56,9133.72,2024-02-25,13,2024-03-09,Yes,Facility E - Singapore,India
PO-10513,PharmaCorp Global,Active Pharmaceutical Ingredient (API),Raw Materials,794,492.74,391235.56,2024-02-25,37,2024-04-02,Yes,"Facility D - Cork, Ireland",USA
PO-10577,BioSupply Partners,Sterile Syringes,Medical Devices,1506,3.32,4999.92,2024-02-26,15,2024-03-14,Yes,Facility C - Puerto Rico,Germany
PO-11035,Vertex Bio Supply,Sterile Syringes,Medical Devices,504,2.1,1058.4,2024-02-26,15,2024-03-11,Yes,Facility C - Puerto Rico,India
PO-10258,BioSupply Partners,Filtration Media,Manufacturing Consumables,1467,63.81,93609.27,2024-02-28,24,2024-04-11,No,Facility E - Singapore,Germany
PO-10043,PharmaCorp Global,Filtration Media,Manufacturing Consumables,2380,76.49,182046.2,2024-03-02,30,2024-03-30,Yes,Facility E - Singapore,USA
PO-10775,Vertex Bio Supply,Glass Vials,Packaging,566,4.35,2462.1,2024-03-03,16,2024-03-17,Yes,"Facility D - Cork, Ireland",India
PO-11079,PurePharm Supply Co,Packaging Film,Packaging,1739,15.39,26763.21,2024-03-05,13,2024-03-19,Yes,"Facility B - Indianapolis, IN",USA
PO-10717,ChemPro Solutions,Sterile Syringes,Medical Devices,1543,2.28,3518.04,2024-03-05,25,2024-04-01,Yes,"Facility A - New Brunswick, NJ",India
PO-10269,BioSupply Partners,Excipients,Raw Materials,2579,76.54,197396.66,2024-03-05,22,2024-03-29,Yes,"Facility A - New Brunswick, NJ",Germany
PO-11006,Apex Pharma Materials,Filtration Media,Manufacturing Consumables,392,65.74,25770.08,2024-03-05,11,2024-03-20,No,Facility E - Singapore,Switzerland
PO-10980,Apex Pharma Materials,Lab Reagents,Lab Supplies,901,153.55,138348.55,2024-03-07,17,2024-03-26,Yes,"Facility B - Indianapolis, IN",Switzerland
PO-11168,BioSupply Partners,Packaging Film,Packaging,1439,14.58,20980.62,2024-03-08,11,2024-03-20,Yes,"Facility A - New Brunswick, NJ",Germany
PO-10605,ChemPro Solutions,Filtration Media,Manufacturing Consumables,611,58.87,35969.57,2024-03-09,26,2024-04-15,No,"Facility A - New Brunswick, NJ",India
PO-10478,PurePharm Supply Co,Filtration Media,Manufacturing Consumables,478,72.09,34459.02,2024-03-10,12,2024-03-22,Yes,"Facility B - Indianapolis, IN",USA
PO-10617,PharmaCorp Global,Filtration Media,Manufacturing Consumables,2412,61.65,148699.8,2024-03-12,28,2024-04-08,Yes,Facility E - Singapore,USA
PO-11070,ChemPro Solutions,Blister Packs,Packaging,1057,5.54,5855.78,2024-03-12,13,2024-03-26,Yes,Facility C - Puerto Rico,India
PO-10059,BioSupply Partners,Glass Vials,Packaging,2211,5.36,11850.96,2024-03-12,10,2024-03-21,Yes,"Facility B - Indianapolis, IN",Germany
PO-10592,PurePharm Supply Co,Lab Reagents,Lab Supplies,1434,122.86,176181.24,2024-03-13,15,2024-03-28,Yes,Facility E - Singapore,USA
PO-10140,PurePharm Supply Co,Packaging Film,Packaging,2086,16.66,34752.76,2024-03-13,10,2024-03-22,Yes,"Facility D - Cork, Ireland",USA
PO-10066,Apex Pharma Materials,Cold Chain Packaging,Packaging,2321,24.01,55727.21,2024-03-13,12,2024-03-23,Yes,Facility C - Puerto Rico,Switzerland
PO-11171,Apex Pharma Materials,Packaging Film,Packaging,1045,17.98,18789.1,2024-03-13,10,2024-03-22,Yes,"Facility A - New Brunswick, NJ",Switzerland
PO-10212,BioSupply Partners,Blister Packs,Packaging,816,8.91,7270.56,2024-03-14,8,2024-03-23,Yes,"Facility B - Indianapolis, IN",Germany
PO-10724,BioSupply Partners,Active Pharmaceutical Ingredient (API),Raw Materials,1354,578.4,783153.6,2024-03-15,33,2024-04-16,Yes,"Facility A - New Brunswick, NJ",Germany
PO-10587,Apex Pharma Materials,Cold Chain Packaging,Packaging,511,26.37,13475.07,2024-03-16,5,2024-03-23,Yes,"Facility A - New Brunswick, NJ",Switzerland
PO-10468,PharmaCorp Global,Packaging Film,Packaging,2161,14.31,30923.91,2024-03-16,13,2024-03-30,Yes,"Facility D - Cork, Ireland",USA
PO-10809,PurePharm Supply Co,Excipients,Raw Materials,6346,98.44,624700.24,2024-03-17,22,2024-04-08,Yes,Facility C - Puerto Rico,USA
PO-10936,ChemPro Solutions,Glass Vials,Packaging,1482,4.04,5987.28,2024-03-18,20,2024-04-06,Yes,"Facility B - Indianapolis, IN",India
PO-11173,PurePharm Supply Co,Sterile Syringes,Medical Devices,990,2.95,2920.5,2024-03-18,21,2024-04-06,Yes,"Facility B - Indianapolis, IN",USA
PO-10210,PharmaCorp Global,Lab Reagents,Lab Supplies,3033,122.59,371815.47,2024-03-18,20,2024-04-05,Yes,"Facility B - Indianapolis, IN",USA
PO-10557,BioSupply Partners,Blister Packs,Packaging,1186,9.55,11326.3,2024-03-18,11,2024-03-29,Yes,Facility C - Puerto Rico,Germany
PO-10182,NovaChem Ltd,Cold Chain Packaging,Packaging,666,16.53,11008.98,2024-03-19,15,2024-04-17,No,"Facility D - Cork, Ireland",China
PO-10552,MedSource Industries,Filtration Media,Manufacturing Consumables,1265,67.85,85830.25,2024-03-20,36,2024-04-26,Yes,"Facility D - Cork, Ireland",USA
PO-10866,GlobalMed Ingredients,Sterile Syringes,Medical Devices,2355,3.5,8242.5,2024-03-20,20,2024-04-10,Yes,"Facility B - Indianapolis, IN",Ireland
PO-11063,MedSource Industries,Sterile Syringes,Medical Devices,2560,2.51,6425.6,2024-03-21,23,2024-04-13,Yes,"Facility A - New Brunswick, NJ",USA
PO-10062,Vertex Bio Supply,Lab Reagents,Lab Supplies,2442,99.1,242002.2,2024-03-21,17,2024-04-13,No,"Facility B - Indianapolis, IN",India
PO-10379,GlobalMed Ingredients,Filtration Media,Manufacturing Consumables,3593,56.67,203615.31,2024-03-22,27,2024-04-16,Yes,"Facility D - Cork, Ireland",Ireland
PO-11055,Apex Pharma Materials,Packaging Film,Packaging,891,14.83,13213.53,2024-03-23,11,2024-04-04,Yes,"Facility A - New Brunswick, NJ",Switzerland
PO-10503,NovaChem Ltd,Active Pharmaceutical Ingredient (API),Raw Materials,839,341.31,286359.09,2024-03-23,37,2024-05-01,Yes,Facility C - Puerto Rico,China
PO-10235,PharmaCorp Global,Cold Chain Packaging,Packaging,956,20.52,19617.12,2024-03-23,13,2024-04-10,No,"Facility B - Indianapolis, IN",USA
PO-10393,Meridian Chem Group,Glass Vials,Packaging,1880,3.82,7181.6,2024-03-23,22,2024-04-14,Yes,Facility C - Puerto Rico,China
PO-10591,Vertex Bio Supply,Cold Chain Packaging,Packaging,1551,16.34,25343.34,2024-03-24,12,2024-04-07,Yes,"Facility A - New Brunswick, NJ",India
PO-10526,ChemPro Solutions,Lab Reagents,Lab Supplies,253,106.21,26871.13,2024-03-24,24,2024-04-30,No,Facility E - Singapore,India
PO-10874,BioSupply Partners,Sterile Syringes,Medical Devices,1791,3.76,6734.16,2024-03-25,22,2024-04-15,Yes,"Facility B - Indianapolis, IN",Germany
PO-10309,Apex Pharma Materials,Cold Chain Packaging,Packaging,750,23.22,17415.0,2024-03-25,14,2024-04-08,Yes,Facility C - Puerto Rico,Switzerland
PO-10220,Apex Pharma Materials,Blister Packs,Packaging,921,9.62,8860.02,2024-03-26,18,2024-04-14,Yes,Facility C - Puerto Rico,Switzerland
PO-10376,Meridian Chem Group,Filtration Media,Manufacturing Consumables,340,57.93,19696.2,2024-03-26,16,2024-04-19,No,"Facility B - Indianapolis, IN",China
PO-10751,MedSource Industries,Filtration Media,Manufacturing Consumables,1452,68.74,99810.48,2024-03-26,30,2024-04-23,Yes,Facility E - Singapore,USA
PO-11177,NovaChem Ltd,Cold Chain Packaging,Packaging,2438,17.33,42250.54,2024-03-26,17,2024-04-30,No,"Facility D - Cork, Ireland",China
PO-10868,Meridian Chem Group,Packaging Film,Packaging,1661,13.37,22207.57,2024-03-26,10,2024-04-07,Yes,Facility C - Puerto Rico,China
PO-10069,BioSupply Partners,Cold Chain Packaging,Packaging,684,27.16,18577.44,2024-03-26,16,2024-04-12,Yes,"Facility A - New Brunswick, NJ",Germany
PO-10849,PharmaCorp Global,Packaging Film,Packaging,4064,14.5,58928.0,2024-03-26,15,2024-04-10,Yes,Facility E - Singapore,USA
PO-11158,PharmaCorp Global,Sterile Syringes,Medical Devices,293,2.81,823.33,2024-03-27,20,2024-04-16,Yes,"Facility B - Indianapolis, IN",USA
PO-10000,GlobalMed Ingredients,Glass Vials,Packaging,483,4.42,2134.86,2024-03-28,16,2024-04-13,Yes,Facility E - Singapore,Ireland
PO-10139,ChemPro Solutions,Sterile Syringes,Medical Devices,140,2.14,299.6,2024-03-30,24,2024-04-24,Yes,"Facility A - New Brunswick, NJ",India
PO-11092,PurePharm Supply Co,Active Pharmaceutical Ingredient (API),Raw Materials,903,501.5,452854.5,2024-04-01,57,2024-06-05,No,"Facility A - New Brunswick, NJ",USA
PO-11124,PurePharm Supply Co,Active Pharmaceutical Ingredient (API),Raw Materials,1621,415.14,672941.94,2024-04-01,48,2024-05-17,Yes,"Facility A - New Brunswick, NJ",USA
PO-10124,PharmaCorp Global,Lab Reagents,Lab Supplies,1370,139.92,191690.4,2024-04-01,21,2024-04-21,Yes,"Facility D - Cork, Ireland",USA
PO-10042,Meridian Chem Group,Blister Packs,Packaging,2263,6.08,13759.04,2024-04-05,13,2024-04-20,Yes,"Facility D - Cork, Ireland",China
PO-10096,BioSupply Partners,Active Pharmaceutical Ingredient (API),Raw Materials,1493,537.39,802323.27,2024-04-05,45,2024-05-21,Yes,"Facility D - Cork, Ireland",Germany
PO-10011,Meridian Chem Group,Sterile Syringes,Medical Devices,355,2.32,823.6,2024-04-05,18,2024-04-25,Yes,Facility E - Singapore,China
PO-10435,NovaChem Ltd,Stainless Steel Components,Manufacturing Consumables,2466,232.12,572407.92,2024-04-05,41,2024-05-17,Yes,"Facility D - Cork, Ireland",China
PO-10498,NovaChem Ltd,Active Pharmaceutical Ingredient (API),Raw Materials,575,380.92,219029.0,2024-04-06,33,2024-05-09,Yes,Facility C - Puerto Rico,China
PO-11064,PurePharm Supply Co,Filtration Media,Manufacturing Consumables,959,77.11,73948.49,2024-04-06,18,2024-04-22,Yes,"Facility A - New Brunswick, NJ",USA
PO-10911,PurePharm Supply Co,Blister Packs,Packaging,1417,8.78,12441.26,2024-04-07,13,2024-04-19,Yes,"Facility D - Cork, Ireland",USA
PO-10388,PharmaCorp Global,Cold Chain Packaging,Packaging,2995,19.81,59330.95,2024-04-07,13,2024-04-21,Yes,"Facility A - New Brunswick, NJ",USA
PO-10261,PurePharm Supply Co,Packaging Film,Packaging,1697,17.57,29816.29,2024-04-08,9,2024-04-15,Yes,"Facility B - Indianapolis, IN",USA
PO-10718,GlobalMed Ingredients,Active Pharmaceutical Ingredient (API),Raw Materials,740,420.36,311066.4,2024-04-08,45,2024-05-21,Yes,"Facility A - New Brunswick, NJ",Ireland
PO-10624,MedSource Industries,Blister Packs,Packaging,3688,8.99,33155.12,2024-04-08,12,2024-04-22,Yes,Facility C - Puerto Rico,USA
PO-10614,MedSource Industries,Filtration Media,Manufacturing Consumables,3195,57.1,182434.5,2024-04-09,22,2024-05-03,Yes,"Facility D - Cork, Ireland",USA
PO-10178,ChemPro Solutions,Excipients,Raw Materials,2397,73.45,176059.65,2024-04-10,20,2024-05-01,Yes,"Facility A - New Brunswick, NJ",India
PO-10630,MedSource Industries,Stainless Steel Components,Manufacturing Consumables,1284,332.13,426454.92,2024-04-10,17,2024-04-28,Yes,"Facility B - Indianapolis, IN",USA
PO-10669,PurePharm Supply Co,Active Pharmaceutical Ingredient (API),Raw Materials,1868,558.8,1043838.4,2024-04-12,38,2024-05-19,Yes,"Facility B - Indianapolis, IN",USA
PO-10676,GlobalMed Ingredients,Sterile Syringes,Medical Devices,2150,3.31,7116.5,2024-04-12,20,2024-05-15,No,"Facility D - Cork, Ireland",Ireland
PO-10391,PharmaCorp Global,Packaging Film,Packaging,244,14.78,3606.32,2024-04-13,8,2024-05-10,No,Facility C - Puerto Rico,USA
PO-11167,GlobalMed Ingredients,Lab Reagents,Lab Supplies,2360,120.58,284568.8,2024-04-13,17,2024-04-28,Yes,"Facility D - Cork, Ireland",Ireland
PO-10837,NovaChem Ltd,Stainless Steel Components,Manufacturing Consumables,996,234.52,233581.92,2024-04-14,31,2024-05-30,No,"Facility D - Cork, Ireland",China
PO-10951,Meridian Chem Group,Lab Reagents,Lab Supplies,1031,80.17,82655.27,2024-04-15,15,2024-05-15,No,"Facility D - Cork, Ireland",China
PO-11191,GlobalMed Ingredients,Stainless Steel Components,Manufacturing Consumables,518,302.78,156840.04,2024-04-15,36,2024-05-22,Yes,Facility E - Singapore,Ireland
PO-11077,GlobalMed Ingredients,Lab Reagents,Lab Supplies,403,114.75,46244.25,2024-04-15,18,2024-05-05,Yes,Facility E - Singapore,Ireland
PO-10540,Meridian Chem Group,Sterile Syringes,Medical Devices,1667,2.63,4384.21,2024-04-17,19,2024-05-05,Yes,Facility E - Singapore,China
PO-10201,Apex Pharma Materials,Active Pharmaceutical Ingredient (API),Raw Materials,176,546.82,96240.32,2024-04-17,45,2024-06-03,Yes,"Facility B - Indianapolis, IN",Switzerland
PO-10570,Meridian Chem Group,Blister Packs,Packaging,1423,6.28,8936.44,2024-04-17,16,2024-05-09,No,"Facility A - New Brunswick, NJ",China
PO-10429,GlobalMed Ingredients,Blister Packs,Packaging,571,7.56,4316.76,2024-04-17,9,2024-04-26,Yes,"Facility B - Indianapolis, IN",Ireland
PO-10402,GlobalMed Ingredients,Blister Packs,Packaging,3592,8.55,30711.6,2024-04-17,13,2024-04-29,Yes,Facility E - Singapore,Ireland
PO-11078,PurePharm Supply Co,Lab Reagents,Lab Supplies,909,133.77,121596.93,2024-04-17,28,2024-05-17,Yes,Facility E - Singapore,USA
PO-10246,BioSupply Partners,Active Pharmaceutical Ingredient (API),Raw Materials,3521,529.85,1865601.85,2024-04-18,37,2024-05-23,Yes,Facility E - Singapore,Germany
PO-10375,Apex Pharma Materials,Glass Vials,Packaging,1270,6.26,7950.2,2024-04-19,16,2024-05-07,Yes,"Facility D - Cork, Ireland",Switzerland
PO-10585,PharmaCorp Global,Blister Packs,Packaging,222,7.37,1636.14,2024-04-20,8,2024-04-26,Yes,Facility C - Puerto Rico,USA
PO-11049,NovaChem Ltd,Excipients,Raw Materials,2603,58.92,153368.76,2024-04-20,20,2024-05-09,Yes,"Facility D - Cork, Ireland",China
PO-10203,Vertex Bio Supply,Sterile Syringes,Medical Devices,2281,2.6,5930.6,2024-04-21,22,2024-05-14,Yes,"Facility D - Cork, Ireland",India
PO-10377,GlobalMed Ingredients,Blister Packs,Packaging,3583,7.7,27589.1,2024-04-21,11,2024-04-30,Yes,"Facility A - New Brunswick, NJ",Ireland
PO-10656,MedSource Industries,Lab Reagents,Lab Supplies,2540,127.5,323850.0,2024-04-21,3,2024-04-25,Yes,"Facility B - Indianapolis, IN",USA
PO-10788,NovaChem Ltd,Filtration Media,Manufacturing Consumables,2692,54.17,145825.64,2024-04-21,21,2024-05-14,Yes,"Facility D - Cork, Ireland",China
PO-10093,PharmaCorp Global,Packaging Film,Packaging,824,15.87,13076.88,2024-04-22,13,2024-05-03,Yes,Facility E - Singapore,USA
PO-10840,Meridian Chem Group,Packaging Film,Packaging,499,13.39,6681.61,2024-04-24,7,2024-05-03,Yes,Facility E - Singapore,China
PO-10578,BioSupply Partners,Stainless Steel Components,Manufacturing Consumables,2434,342.99,834837.66,2024-04-25,19,2024-05-14,Yes,Facility E - Singapore,Germany
PO-10984,Vertex Bio Supply,Blister Packs,Packaging,1739,6.82,11859.98,2024-04-26,17,2024-05-15,Yes,Facility C - Puerto Rico,India
PO-10088,Vertex Bio Supply,Blister Packs,Packaging,970,7.16,6945.2,2024-04-26,9,2024-05-04,Yes,Facility C - Puerto Rico,India
PO-11018,GlobalMed Ingredients,Blister Packs,Packaging,2811,8.11,22797.21,2024-04-26,21,2024-06-03,No,"Facility B - Indianapolis, IN",Ireland
PO-10073,BioSupply Partners,Stainless Steel Components,Manufacturing Consumables,1521,286.13,435203.73,2024-04-27,42,2024-06-08,Yes,"Facility A - New Brunswick, NJ",Germany
PO-10249,Vertex Bio Supply,Sterile Syringes,Medical Devices,2954,2.56,7562.24,2024-04-27,11,2024-05-09,Yes,Facility C - Puerto Rico,India
PO-10902,Apex Pharma Materials,Glass Vials,Packaging,746,6.02,4490.92,2024-04-29,12,2024-05-12,Yes,Facility E - Singapore,Switzerland
PO-11139,MedSource Industries,Glass Vials,Packaging,1535,5.57,8549.95,2024-05-01,16,2024-05-15,Yes,Facility C - Puerto Rico,USA
PO-10408,GlobalMed Ingredients,Packaging Film,Packaging,2708,16.13,43680.04,2024-05-01,13,2024-05-16,Yes,Facility E - Singapore,Ireland
PO-10198,Vertex Bio Supply,Excipients,Raw Materials,1117,68.47,76480.99,2024-05-01,18,2024-05-28,No,"Facility A - New Brunswick, NJ",India
PO-10257,MedSource Industries,Lab Reagents,Lab Supplies,1083,131.71,142641.93,2024-05-04,25,2024-05-30,Yes,Facility E - Singapore,USA
PO-10409,PharmaCorp Global,Filtration Media,Manufacturing Consumables,908,66.47,60354.76,2024-05-07,23,2024-05-31,Yes,Facility C - Puerto Rico,USA
PO-10521,ChemPro Solutions,Blister Packs,Packaging,247,5.52,1363.44,2024-05-08,15,2024-05-22,Yes,"Facility B - Indianapolis, IN",India
PO-10338,PharmaCorp Global,Sterile Syringes,Medical Devices,2355,3.44,8101.2,2024-05-08,22,2024-05-31,Yes,Facility C - Puerto Rico,USA
PO-10623,Apex Pharma Materials,Packaging Film,Packaging,2437,18.38,44792.06,2024-05-08,12,2024-05-22,Yes,"Facility A - New Brunswick, NJ",Switzerland
PO-10183,ChemPro Solutions,Excipients,Raw Materials,2232,54.74,122179.68,2024-05-09,17,2024-05-26,Yes,Facility C - Puerto Rico,India
PO-10697,NovaChem Ltd,Glass Vials,Packaging,1160,4.05,4698.0,2024-05-13,16,2024-05-28,Yes,"Facility A - New Brunswick, NJ",China
PO-10179,Meridian Chem Group,Lab Reagents,Lab Supplies,929,103.94,96560.26,2024-05-13,23,2024-06-06,Yes,"Facility A - New Brunswick, NJ",China
PO-10973,GlobalMed Ingredients,Packaging Film,Packaging,730,14.69,10723.7,2024-05-13,6,2024-05-20,Yes,"Facility B - Indianapolis, IN",Ireland
PO-11144,PurePharm Supply Co,Excipients,Raw Materials,1069,89.57,95750.33,2024-05-14,22,2024-06-05,Yes,Facility E - Singapore,USA
PO-10829,Meridian Chem Group,Excipients,Raw Materials,1079,59.74,64459.46,2024-05-14,26,2024-06-19,No,Facility C - Puerto Rico,China
PO-10340,Meridian Chem Group,Active Pharmaceutical Ingredient (API),Raw Materials,2205,309.15,681675.75,2024-05-16,45,2024-07-02,Yes,Facility C - Puerto Rico,China
PO-10820,BioSupply Partners,Filtration Media,Manufacturing Consumables,2198,71.43,157003.14,2024-05-17,33,2024-06-20,Yes,"Facility A - New Brunswick, NJ",Germany
PO-10260,MedSource Industries,Packaging Film,Packaging,1365,13.53,18468.45,2024-05-18,6,2024-05-24,Yes,"Facility A - New Brunswick, NJ",USA
PO-10671,MedSource Industries,Stainless Steel Components,Manufacturing Consumables,962,323.12,310841.44,2024-05-19,24,2024-06-12,Yes,"Facility A - New Brunswick, NJ",USA
PO-10397,Vertex Bio Supply,Blister Packs,Packaging,2402,6.28,15084.56,2024-05-19,9,2024-06-15,No,"Facility A - New Brunswick, NJ",India
PO-11146,BioSupply Partners,Packaging Film,Packaging,715,15.46,11053.9,2024-05-20,13,2024-05-31,Yes,"Facility B - Indianapolis, IN",Germany
PO-10954,PurePharm Supply Co,Stainless Steel Components,Manufacturing Consumables,1167,300.03,350135.01,2024-05-20,33,2024-06-20,Yes,Facility C - Puerto Rico,USA
PO-10278,NovaChem Ltd,Blister Packs,Packaging,1533,6.13,9397.29,2024-05-20,8,2024-05-29,Yes,Facility C - Puerto Rico,China
PO-11113,Vertex Bio Supply,Lab Reagents,Lab Supplies,1097,102.24,112157.28,2024-05-21,11,2024-06-01,Yes,"Facility D - Cork, Ireland",India
PO-10890,Apex Pharma Materials,Cold Chain Packaging,Packaging,245,23.49,5755.05,2024-05-21,15,2024-06-03,Yes,"Facility B - Indianapolis, IN",Switzerland
PO-10544,PharmaCorp Global,Filtration Media,Manufacturing Consumables,1481,60.68,89867.08,2024-05-23,27,2024-06-20,Yes,"Facility D - Cork, Ireland",USA
PO-10020,Vertex Bio Supply,Cold Chain Packaging,Packaging,1557,16.57,25799.49,2024-05-23,8,2024-06-19,No,"Facility B - Indianapolis, IN",India
PO-10058,NovaChem Ltd,Packaging Film,Packaging,3592,12.43,44648.56,2024-05-24,10,2024-06-01,Yes,"Facility A - New Brunswick, NJ",China
PO-10769,Meridian Chem Group,Packaging Film,Packaging,1287,12.19,15688.53,2024-05-24,6,2024-05-31,Yes,Facility E - Singapore,China
PO-10501,MedSource Industries,Sterile Syringes,Medical Devices,4749,3.21,15244.29,2024-05-25,21,2024-06-28,No,Facility E - Singapore,USA
PO-10876,GlobalMed Ingredients,Sterile Syringes,Medical Devices,887,3.19,2829.53,2024-05-25,16,2024-06-10,Yes,"Facility D - Cork, Ireland",Ireland
PO-11053,PurePharm Supply Co,Glass Vials,Packaging,285,5.3,1510.5,2024-05-26,10,2024-06-03,Yes,Facility C - Puerto Rico,USA
PO-10845,Apex Pharma Materials,Sterile Syringes,Medical Devices,1992,3.8,7569.6,2024-05-27,14,2024-06-09,Yes,Facility E - Singapore,Switzerland
PO-11172,NovaChem Ltd,Excipients,Raw Materials,551,61.14,33688.14,2024-05-27,14,2024-06-09,Yes,"Facility B - Indianapolis, IN",China
PO-10091,PharmaCorp Global,Filtration Media,Manufacturing Consumables,2504,67.41,168794.64,2024-05-27,20,2024-07-05,No,"Facility A - New Brunswick, NJ",USA
PO-10703,PharmaCorp Global,Excipients,Raw Materials,2880,91.46,263404.8,2024-05-28,17,2024-06-15,Yes,"Facility D - Cork, Ireland",USA
PO-10105,BioSupply Partners,Blister Packs,Packaging,3471,8.28,28739.88,2024-05-28,11,2024-06-08,Yes,Facility C - Puerto Rico,Germany
PO-11017,PurePharm Supply Co,Stainless Steel Components,Manufacturing Consumables,143,311.98,44613.14,2024-05-28,35,2024-07-02,Yes,"Facility A - New Brunswick, NJ",USA
PO-10371,MedSource Industries,Blister Packs,Packaging,1847,8.41,15533.27,2024-05-29,15,2024-06-15,Yes,"Facility B - Indianapolis, IN",USA
PO-10554,Meridian Chem Group,Filtration Media,Manufacturing Consumables,1157,44.04,50954.28,2024-05-30,25,2024-06-23,Yes,Facility E - Singapore,China
PO-10541,GlobalMed Ingredients,Sterile Syringes,Medical Devices,1782,2.92,5203.44,2024-05-30,27,2024-06-28,Yes,Facility E - Singapore,Ireland
PO-11034,PharmaCorp Global,Cold Chain Packaging,Packaging,640,25.01,16006.4,2024-05-31,12,2024-06-10,Yes,"Facility D - Cork, Ireland",USA
PO-10339,PurePharm Supply Co,Sterile Syringes,Medical Devices,118,3.56,420.08,2024-06-01,22,2024-06-25,Yes,"Facility D - Cork, Ireland",USA
PO-11133,GlobalMed Ingredients,Active Pharmaceutical Ingredient (API),Raw Materials,710,438.83,311569.3,2024-06-02,62,2024-08-03,Yes,Facility E - Singapore,Ireland
PO-10161,BioSupply Partners,Blister Packs,Packaging,1395,7.68,10713.6,2024-06-02,15,2024-06-19,Yes,"Facility B - Indianapolis, IN",Germany
PO-10305,BioSupply Partners,Sterile Syringes,Medical Devices,1154,3.77,4350.58,2024-06-02,20,2024-06-24,Yes,"Facility D - Cork, Ireland",Germany
PO-10372,PharmaCorp Global,Glass Vials,Packaging,473,5.86,2771.78,2024-06-03,17,2024-06-18,Yes,Facility C - Puerto Rico,USA
PO-11181,PharmaCorp Global,Excipients,Raw Materials,1205,83.84,101027.2,2024-06-04,11,2024-06-15,Yes,Facility E - Singapore,USA
PO-10986,Meridian Chem Group,Stainless Steel Components,Manufacturing Consumables,1618,213.06,344731.08,2024-06-04,36,2024-07-09,Yes,"Facility A - New Brunswick, NJ",China
PO-10231,BioSupply Partners,Active Pharmaceutical Ingredient (API),Raw Materials,1756,532.17,934490.52,2024-06-04,36,2024-07-08,Yes,"Facility D - Cork, Ireland",Germany
PO-10736,NovaChem Ltd,Stainless Steel Components,Manufacturing Consumables,1656,210.99,349399.44,2024-06-05,41,2024-07-20,No,"Facility D - Cork, Ireland",China
PO-11135,Vertex Bio Supply,Glass Vials,Packaging,1892,4.55,8608.6,2024-06-05,12,2024-06-30,No,"Facility A - New Brunswick, NJ",India
PO-10131,PharmaCorp Global,Packaging Film,Packaging,4372,14.16,61907.52,2024-06-05,12,2024-06-18,Yes,Facility C - Puerto Rico,USA
PO-10681,NovaChem Ltd,Glass Vials,Packaging,1311,3.49,4575.39,2024-06-06,12,2024-06-24,No,"Facility B - Indianapolis, IN",China
PO-10471,PurePharm Supply Co,Blister Packs,Packaging,3304,8.43,27852.72,2024-06-06,8,2024-07-01,No,"Facility A - New Brunswick, NJ",USA
PO-10293,PharmaCorp Global,Active Pharmaceutical Ingredient (API),Raw Materials,1182,478.0,564996.0,2024-06-07,49,2024-07-25,Yes,"Facility B - Indianapolis, IN",USA
PO-10207,Meridian Chem Group,Filtration Media,Manufacturing Consumables,1096,52.21,57222.16,2024-06-07,25,2024-07-02,Yes,"Facility A - New Brunswick, NJ",China
PO-10996,GlobalMed Ingredients,Glass Vials,Packaging,516,5.26,2714.16,2024-06-08,11,2024-06-20,Yes,Facility C - Puerto Rico,Ireland
PO-10888,Meridian Chem Group,Lab Reagents,Lab Supplies,966,107.24,103593.84,2024-06-08,14,2024-07-07,No,Facility C - Puerto Rico,China
PO-10152,ChemPro Solutions,Excipients,Raw Materials,420,56.1,23562.0,2024-06-09,23,2024-07-03,Yes,"Facility B - Indianapolis, IN",India
PO-11196,NovaChem Ltd,Packaging Film,Packaging,1272,12.02,15289.44,2024-06-09,5,2024-06-13,Yes,"Facility B - Indianapolis, IN",China
PO-10633,Apex Pharma Materials,Glass Vials,Packaging,2013,5.67,11413.71,2024-06-09,15,2024-06-23,Yes,"Facility D - Cork, Ireland",Switzerland
PO-10094,GlobalMed Ingredients,Filtration Media,Manufacturing Consumables,133,61.77,8215.41,2024-06-10,22,2024-07-01,Yes,Facility E - Singapore,Ireland
PO-10705,PurePharm Supply Co,Lab Reagents,Lab Supplies,3160,119.23,376766.8,2024-06-11,29,2024-07-12,Yes,"Facility A - New Brunswick, NJ",USA
PO-10423,Meridian Chem Group,Blister Packs,Packaging,2065,5.58,11522.7,2024-06-12,14,2024-06-25,Yes,Facility E - Singapore,China
PO-10918,PurePharm Supply Co,Filtration Media,Manufacturing Consumables,414,74.23,30731.22,2024-06-13,32,2024-07-16,Yes,"Facility D - Cork, Ireland",USA
PO-10813,Vertex Bio Supply,Blister Packs,Packaging,746,6.72,5013.12,2024-06-13,6,2024-06-18,Yes,"Facility B - Indianapolis, IN",India
PO-10490,Meridian Chem Group,Blister Packs,Packaging,4204,6.06,25476.24,2024-06-13,19,2024-07-04,Yes,Facility C - Puerto Rico,China
PO-10370,MedSource Industries,Glass Vials,Packaging,1156,5.17,5976.52,2024-06-14,10,2024-06-23,Yes,Facility E - Singapore,USA
PO-11110,BioSupply Partners,Excipients,Raw Materials,811,89.04,72211.44,2024-06-14,17,2024-07-03,Yes,"Facility A - New Brunswick, NJ",Germany
PO-11102,NovaChem Ltd,Cold Chain Packaging,Packaging,1069,14.13,15104.97,2024-06-15,9,2024-06-24,Yes,"Facility A - New Brunswick, NJ",China
PO-10003,GlobalMed Ingredients,Glass Vials,Packaging,846,4.6,3891.6,2024-06-15,15,2024-06-28,Yes,"Facility D - Cork, Ireland",Ireland
PO-10317,ChemPro Solutions,Packaging Film,Packaging,1272,12.74,16205.28,2024-06-16,11,2024-06-25,Yes,Facility E - Singapore,India
PO-10574,BioSupply Partners,Blister Packs,Packaging,1660,9.77,16218.2,2024-06-16,11,2024-06-27,Yes,"Facility D - Cork, Ireland",Germany
PO-10817,MedSource Industries,Cold Chain Packaging,Packaging,3208,21.69,69581.52,2024-06-18,13,2024-06-29,Yes,Facility E - Singapore,USA
PO-10985,Vertex Bio Supply,Cold Chain Packaging,Packaging,2297,15.65,35948.05,2024-06-19,17,2024-07-06,Yes,Facility C - Puerto Rico,India
PO-10500,PurePharm Supply Co,Excipients,Raw Materials,979,92.6,90655.4,2024-06-19,20,2024-07-09,Yes,"Facility B - Indianapolis, IN",USA
PO-10173,BioSupply Partners,Lab Reagents,Lab Supplies,1094,116.35,127286.9,2024-06-20,11,2024-06-29,Yes,Facility C - Puerto Rico,Germany
PO-10456,NovaChem Ltd,Blister Packs,Packaging,167,5.14,858.38,2024-06-20,14,2024-07-04,Yes,Facility C - Puerto Rico,China
PO-11037,Apex Pharma Materials,Lab Reagents,Lab Supplies,1304,136.99,178634.96,2024-06-20,11,2024-06-29,Yes,"Facility B - Indianapolis, IN",Switzerland
PO-10611,BioSupply Partners,Filtration Media,Manufacturing Consumables,1443,62.28,89870.04,2024-06-20,26,2024-07-15,Yes,Facility E - Singapore,Germany
PO-10192,GlobalMed Ingredients,Excipients,Raw Materials,573,91.13,52217.49,2024-06-21,9,2024-07-01,Yes,"Facility A - New Brunswick, NJ",Ireland
PO-10913,MedSource Industries,Packaging Film,Packaging,1240,13.47,16702.8,2024-06-23,10,2024-07-02,Yes,Facility C - Puerto Rico,USA
PO-10599,GlobalMed Ingredients,Filtration Media,Manufacturing Consumables,1684,74.17,124902.28,2024-06-24,23,2024-07-15,Yes,"Facility D - Cork, Ireland",Ireland
PO-10090,GlobalMed Ingredients,Glass Vials,Packaging,1081,5.73,6194.13,2024-06-25,12,2024-07-06,Yes,Facility E - Singapore,Ireland
PO-10806,NovaChem Ltd,Active Pharmaceutical Ingredient (API),Raw Materials,335,346.8,116178.0,2024-06-26,45,2024-08-10,Yes,Facility E - Singapore,China
PO-10778,GlobalMed Ingredients,Cold Chain Packaging,Packaging,1354,24.74,33497.96,2024-06-26,21,2024-07-15,Yes,Facility C - Puerto Rico,Ireland
PO-10722,PurePharm Supply Co,Sterile Syringes,Medical Devices,3271,3.69,12069.99,2024-06-26,12,2024-07-07,Yes,"Facility A - New Brunswick, NJ",USA
PO-10571,BioSupply Partners,Filtration Media,Manufacturing Consumables,1091,83.42,91011.22,2024-06-27,24,2024-07-22,Yes,"Facility B - Indianapolis, IN",Germany
PO-10387,Apex Pharma Materials,Blister Packs,Packaging,1473,9.67,14243.91,2024-06-28,10,2024-07-10,Yes,"Facility D - Cork, Ireland",Switzerland
PO-10582,MedSource Industries,Filtration Media,Manufacturing Consumables,77,66.56,5125.12,2024-06-29,37,2024-08-06,Yes,Facility E - Singapore,USA
PO-10214,NovaChem Ltd,Filtration Media,Manufacturing Consumables,1734,45.41,78740.94,2024-06-30,23,2024-07-21,Yes,Facility E - Singapore,China
PO-10644,Meridian Chem Group,Cold Chain Packaging,Packaging,1138,19.68,22395.84,2024-06-30,12,2024-07-12,Yes,Facility C - Puerto Rico,China
PO-10113,MedSource Industries,Packaging Film,Packaging,1716,13.99,24006.84,2024-07-01,13,2024-07-15,Yes,Facility E - Singapore,USA
PO-10189,Apex Pharma Materials,Glass Vials,Packaging,352,5.75,2024.0,2024-07-01,12,2024-07-14,Yes,"Facility B - Indianapolis, IN",Switzerland
PO-10245,PurePharm Supply Co,Blister Packs,Packaging,2417,9.62,23251.54,2024-07-01,10,2024-07-13,Yes,Facility C - Puerto Rico,USA
PO-10483,GlobalMed Ingredients,Cold Chain Packaging,Packaging,1536,21.29,32701.44,2024-07-01,15,2024-07-17,Yes,"Facility B - Indianapolis, IN",Ireland
PO-10561,NovaChem Ltd,Filtration Media,Manufacturing Consumables,1712,43.12,73821.44,2024-07-02,29,2024-08-19,No,Facility E - Singapore,China
PO-10458,MedSource Industries,Stainless Steel Components,Manufacturing Consumables,3120,319.08,995529.6,2024-07-03,36,2024-08-08,Yes,"Facility D - Cork, Ireland",USA
PO-10153,ChemPro Solutions,Blister Packs,Packaging,4582,6.06,27766.92,2024-07-03,11,2024-07-14,Yes,"Facility B - Indianapolis, IN",India
PO-10537,Meridian Chem Group,Filtration Media,Manufacturing Consumables,477,57.79,27565.83,2024-07-04,29,2024-07-31,Yes,"Facility D - Cork, Ireland",China
PO-10706,Meridian Chem Group,Lab Reagents,Lab Supplies,318,81.6,25948.8,2024-07-05,12,2024-07-31,No,"Facility B - Indianapolis, IN",China
PO-10747,MedSource Industries,Packaging Film,Packaging,3026,15.38,46539.88,2024-07-05,9,2024-07-12,Yes,"Facility A - New Brunswick, NJ",USA
PO-10762,PurePharm Supply Co,Excipients,Raw Materials,691,80.82,55846.62,2024-07-05,20,2024-07-26,Yes,"Facility A - New Brunswick, NJ",USA
PO-10252,MedSource Industries,Glass Vials,Packaging,441,5.32,2346.12,2024-07-06,18,2024-07-24,Yes,Facility C - Puerto Rico,USA
PO-10818,MedSource Industries,Lab Reagents,Lab Supplies,1051,120.32,126456.32,2024-07-06,18,2024-07-22,Yes,"Facility B - Indianapolis, IN",USA
PO-10919,BioSupply Partners,Cold Chain Packaging,Packaging,2741,22.52,61727.32,2024-07-06,9,2024-07-16,Yes,"Facility A - New Brunswick, NJ",Germany
PO-10002,Vertex Bio Supply,Active Pharmaceutical Ingredient (API),Raw Materials,67,421.44,28236.48,2024-07-08,51,2024-08-28,Yes,"Facility D - Cork, Ireland",India
PO-10366,ChemPro Solutions,Packaging Film,Packaging,1034,12.43,12852.62,2024-07-09,12,2024-07-21,Yes,Facility E - Singapore,India
PO-10313,ChemPro Solutions,Glass Vials,Packaging,588,4.34,2551.92,2024-07-09,16,2024-07-26,Yes,"Facility A - New Brunswick, NJ",India
PO-10625,NovaChem Ltd,Sterile Syringes,Medical Devices,1343,2.16,2900.88,2024-07-10,14,2024-07-23,Yes,Facility C - Puerto Rico,China
PO-10401,PurePharm Supply Co,Excipients,Raw Materials,2144,80.02,171562.88,2024-07-10,20,2024-08-01,Yes,Facility E - Singapore,USA
PO-11190,ChemPro Solutions,Glass Vials,Packaging,873,3.54,3090.42,2024-07-10,11,2024-08-06,No,Facility E - Singapore,India
PO-10525,GlobalMed Ingredients,Stainless Steel Components,Manufacturing Consumables,187,266.38,49813.06,2024-07-10,42,2024-08-20,Yes,"Facility D - Cork, Ireland",Ireland
PO-10560,NovaChem Ltd,Cold Chain Packaging,Packaging,1458,16.03,23371.74,2024-07-11,18,2024-07-29,Yes,"Facility A - New Brunswick, NJ",China
PO-10842,NovaChem Ltd,Blister Packs,Packaging,3494,5.67,19810.98,2024-07-12,9,2024-07-19,Yes,"Facility B - Indianapolis, IN",China
PO-10777,Meridian Chem Group,Stainless Steel Components,Manufacturing Consumables,1572,204.42,321348.24,2024-07-13,27,2024-08-11,Yes,Facility C - Puerto Rico,China
PO-11150,ChemPro Solutions,Active Pharmaceutical Ingredient (API),Raw Materials,804,309.46,248805.84,2024-07-13,52,2024-09-03,Yes,Facility E - Singapore,India
PO-10345,PurePharm Supply Co,Stainless Steel Components,Manufacturing Consumables,1293,360.11,465622.23,2024-07-13,36,2024-08-17,Yes,"Facility A - New Brunswick, NJ",USA
PO-10082,PharmaCorp Global,Blister Packs,Packaging,1300,7.5,9750.0,2024-07-14,16,2024-07-28,Yes,Facility E - Singapore,USA
PO-10459,BioSupply Partners,Filtration Media,Manufacturing Consumables,953,79.89,76135.17,2024-07-15,24,2024-08-08,Yes,"Facility B - Indianapolis, IN",Germany
PO-11072,PharmaCorp Global,Excipients,Raw Materials,1196,84.33,100858.68,2024-07-16,25,2024-08-09,Yes,Facility C - Puerto Rico,USA
PO-10627,Vertex Bio Supply,Active Pharmaceutical Ingredient (API),Raw Materials,905,418.5,378742.5,2024-07-16,38,2024-08-21,Yes,Facility C - Puerto Rico,India
PO-10613,BioSupply Partners,Sterile Syringes,Medical Devices,722,3.72,2685.84,2024-07-16,22,2024-08-05,Yes,"Facility D - Cork, Ireland",Germany
PO-10134,Apex Pharma Materials,Stainless Steel Components,Manufacturing Consumables,249,380.69,94791.81,2024-07-17,26,2024-08-13,Yes,"Facility B - Indianapolis, IN",Switzerland
PO-11000,Vertex Bio Supply,Packaging Film,Packaging,550,10.76,5918.0,2024-07-17,10,2024-07-28,Yes,Facility E - Singapore,India
PO-10551,NovaChem Ltd,Filtration Media,Manufacturing Consumables,2748,51.69,142044.12,2024-07-17,25,2024-08-11,Yes,Facility C - Puerto Rico,China
PO-10927,Vertex Bio Supply,Stainless Steel Components,Manufacturing Consumables,946,258.3,244351.8,2024-07-17,44,2024-08-28,Yes,"Facility A - New Brunswick, NJ",India
PO-10935,PurePharm Supply Co,Filtration Media,Manufacturing Consumables,750,70.26,52695.0,2024-07-18,20,2024-08-11,No,Facility E - Singapore,USA
PO-10443,Vertex Bio Supply,Lab Reagents,Lab Supplies,1251,90.5,113215.5,2024-07-18,9,2024-08-14,No,Facility C - Puerto Rico,India
PO-10410,ChemPro Solutions,Sterile Syringes,Medical Devices,301,2.57,773.57,2024-07-19,21,2024-08-08,Yes,"Facility D - Cork, Ireland",India
PO-10712,Vertex Bio Supply,Excipients,Raw Materials,1188,70.8,84110.4,2024-07-19,24,2024-08-10,Yes,Facility E - Singapore,India
PO-11131,Apex Pharma Materials,Cold Chain Packaging,Packaging,793,26.99,21403.07,2024-07-20,20,2024-08-08,Yes,Facility E - Singapore,Switzerland
PO-10865,NovaChem Ltd,Packaging Film,Packaging,541,9.94,5377.54,2024-07-20,6,2024-07-24,Yes,"Facility B - Indianapolis, IN",China
PO-11175,ChemPro Solutions,Active Pharmaceutical Ingredient (API),Raw Materials,1478,307.29,454174.62,2024-07-20,36,2024-08-23,Yes,Facility E - Singapore,India
PO-10413,GlobalMed Ingredients,Lab Reagents,Lab Supplies,2130,122.92,261819.6,2024-07-20,15,2024-08-04,Yes,Facility C - Puerto Rico,Ireland
PO-10760,Vertex Bio Supply,Filtration Media,Manufacturing Consumables,1405,55.09,77401.45,2024-07-21,14,2024-08-02,Yes,"Facility D - Cork, Ireland",India
PO-11178,Apex Pharma Materials,Stainless Steel Components,Manufacturing Consumables,2410,320.7,772887.0,2024-07-21,28,2024-08-19,Yes,Facility E - Singapore,Switzerland
PO-10255,PharmaCorp Global,Active Pharmaceutical Ingredient (API),Raw Materials,2598,432.51,1123660.98,2024-07-22,63,2024-09-24,Yes,"Facility A - New Brunswick, NJ",USA
PO-11029,GlobalMed Ingredients,Blister Packs,Packaging,373,8.34,3110.82,2024-07-22,15,2024-08-04,Yes,"Facility A - New Brunswick, NJ",Ireland
PO-10988,GlobalMed Ingredients,Stainless Steel Components,Manufacturing Consumables,1962,267.43,524697.66,2024-07-22,34,2024-08-25,Yes,"Facility B - Indianapolis, IN",Ireland
PO-10831,Meridian Chem Group,Active Pharmaceutical Ingredient (API),Raw Materials,432,357.76,154552.32,2024-07-23,39,2024-09-02,Yes,"Facility A - New Brunswick, NJ",China
PO-10346,MedSource Industries,Excipients,Raw Materials,2680,79.16,212148.8,2024-07-23,18,2024-08-12,Yes,Facility E - Singapore,USA
PO-10135,BioSupply Partners,Glass Vials,Packaging,1695,5.57,9441.15,2024-07-24,21,2024-08-12,Yes,"Facility A - New Brunswick, NJ",Germany
PO-10373,BioSupply Partners,Glass Vials,Packaging,2177,5.8,12626.6,2024-07-25,11,2024-08-06,Yes,"Facility D - Cork, Ireland",Germany
PO-10144,BioSupply Partners,Packaging Film,Packaging,151,16.39,2474.89,2024-07-25,9,2024-08-02,Yes,Facility E - Singapore,Germany
PO-11174,Vertex Bio Supply,Packaging Film,Packaging,1399,11.99,16774.01,2024-07-25,9,2024-08-05,Yes,"Facility B - Indianapolis, IN",India
PO-10021,PharmaCorp Global,Blister Packs,Packaging,1620,8.02,12992.4,2024-07-26,14,2024-08-07,Yes,"Facility D - Cork, Ireland",USA
PO-10887,BioSupply Partners,Packaging Film,Packaging,494,18.19,8985.86,2024-07-26,9,2024-08-06,Yes,"Facility D - Cork, Ireland",Germany
PO-10858,ChemPro Solutions,Cold Chain Packaging,Packaging,6338,17.09,108316.42,2024-07-26,15,2024-08-08,Yes,Facility E - Singapore,India
PO-10635,MedSource Industries,Glass Vials,Packaging,662,4.57,3025.34,2024-07-26,17,2024-08-13,Yes,"Facility B - Indianapolis, IN",USA
PO-10564,Vertex Bio Supply,Glass Vials,Packaging,4344,4.7,20416.8,2024-07-28,16,2024-08-13,Yes,Facility C - Puerto Rico,India
PO-10233,ChemPro Solutions,Glass Vials,Packaging,1729,4.2,7261.8,2024-07-28,16,2024-08-13,Yes,Facility C - Puerto Rico,India
PO-10586,BioSupply Partners,Filtration Media,Manufacturing Consumables,2281,66.52,151732.12,2024-07-28,30,2024-08-29,Yes,"Facility B - Indianapolis, IN",Germany
PO-10759,PurePharm Supply Co,Sterile Syringes,Medical Devices,1096,3.18,3485.28,2024-07-29,22,2024-08-19,Yes,"Facility B - Indianapolis, IN",USA
PO-11007,PharmaCorp Global,Sterile Syringes,Medical Devices,1392,3.51,4885.92,2024-07-30,11,2024-08-11,Yes,Facility E - Singapore,USA
PO-11132,BioSupply Partners,Blister Packs,Packaging,2278,8.12,18497.36,2024-07-31,16,2024-08-16,Yes,"Facility D - Cork, Ireland",Germany
PO-10731,PurePharm Supply Co,Glass Vials,Packaging,1568,6.1,9564.8,2024-07-31,17,2024-08-18,Yes,"Facility D - Cork, Ireland",USA
PO-10646,Meridian Chem Group,Excipients,Raw Materials,2529,64.99,164359.71,2024-08-01,20,2024-09-03,No,"Facility D - Cork, Ireland",China
PO-10710,BioSupply Partners,Blister Packs,Packaging,1678,9.16,15370.48,2024-08-01,13,2024-08-16,Yes,Facility E - Singapore,Germany
PO-10336,MedSource Industries,Excipients,Raw Materials,3558,71.37,253934.46,2024-08-01,20,2024-08-23,Yes,Facility C - Puerto Rico,USA
PO-10221,Meridian Chem Group,Packaging Film,Packaging,771,11.1,8558.1,2024-08-01,8,2024-08-11,Yes,"Facility D - Cork, Ireland",China
PO-10322,NovaChem Ltd,Blister Packs,Packaging,1510,6.42,9694.2,2024-08-02,11,2024-08-13,Yes,Facility E - Singapore,China
PO-10569,NovaChem Ltd,Filtration Media,Manufacturing Consumables,1042,53.46,55705.32,2024-08-04,22,2024-08-24,Yes,"Facility D - Cork, Ireland",China
PO-10323,PurePharm Supply Co,Glass Vials,Packaging,565,6.18,3491.7,2024-08-05,11,2024-08-15,Yes,"Facility A - New Brunswick, NJ",USA
PO-11061,NovaChem Ltd,Excipients,Raw Materials,4050,61.95,250897.5,2024-08-06,21,2024-08-29,Yes,"Facility D - Cork, Ireland",China
PO-11058,PharmaCorp Global,Excipients,Raw Materials,256,88.01,22530.56,2024-08-07,16,2024-08-25,Yes,Facility E - Singapore,USA
PO-10225,GlobalMed Ingredients,Packaging Film,Packaging,2325,15.33,35642.25,2024-08-07,9,2024-08-18,Yes,"Facility D - Cork, Ireland",Ireland
PO-10445,Meridian Chem Group,Sterile Syringes,Medical Devices,4580,2.21,10121.8,2024-08-07,19,2024-09-05,No,Facility C - Puerto Rico,China
PO-10761,GlobalMed Ingredients,Cold Chain Packaging,Packaging,1277,25.59,32678.43,2024-08-08,15,2024-08-24,Yes,"Facility A - New Brunswick, NJ",Ireland
PO-10853,ChemPro Solutions,Lab Reagents,Lab Supplies,748,94.37,70588.76,2024-08-08,18,2024-09-07,No,Facility E - Singapore,India
PO-10843,ChemPro Solutions,Cold Chain Packaging,Packaging,747,18.59,13886.73,2024-08-08,11,2024-08-23,No,Facility C - Puerto Rico,India
PO-10424,NovaChem Ltd,Glass Vials,Packaging,211,3.46,730.06,2024-08-08,18,2024-08-27,Yes,"Facility D - Cork, Ireland",China
PO-10488,BioSupply Partners,Sterile Syringes,Medical Devices,510,3.54,1805.4,2024-08-09,24,2024-09-04,Yes,"Facility A - New Brunswick, NJ",Germany
PO-10295,Apex Pharma Materials,Lab Reagents,Lab Supplies,2404,139.93,336391.72,2024-08-10,15,2024-08-27,Yes,"Facility D - Cork, Ireland",Switzerland
PO-10816,Meridian Chem Group,Packaging Film,Packaging,813,10.52,8552.76,2024-08-10,10,2024-08-19,Yes,"Facility A - New Brunswick, NJ",China
PO-10202,Meridian Chem Group,Stainless Steel Components,Manufacturing Consumables,2385,205.86,490976.1,2024-08-11,26,2024-09-10,No,Facility C - Puerto Rico,China
PO-10823,Vertex Bio Supply,Filtration Media,Manufacturing Consumables,1852,46.96,86969.92,2024-08-12,11,2024-08-22,Yes,"Facility A - New Brunswick, NJ",India
PO-10099,Apex Pharma Materials,Blister Packs,Packaging,343,9.34,3203.62,2024-08-13,10,2024-09-06,No,"Facility A - New Brunswick, NJ",Switzerland
PO-10912,Apex Pharma Materials,Packaging Film,Packaging,1129,17.25,19475.25,2024-08-13,7,2024-08-19,Yes,"Facility B - Indianapolis, IN",Switzerland
PO-10205,Apex Pharma Materials,Sterile Syringes,Medical Devices,654,3.85,2517.9,2024-08-14,9,2024-08-25,Yes,Facility E - Singapore,Switzerland
PO-10422,GlobalMed Ingredients,Sterile Syringes,Medical Devices,2404,3.27,7861.08,2024-08-15,21,2024-09-06,Yes,Facility C - Puerto Rico,Ireland
PO-10889,Apex Pharma Materials,Stainless Steel Components,Manufacturing Consumables,1311,313.11,410487.21,2024-08-15,19,2024-09-03,Yes,"Facility D - Cork, Ireland",Switzerland
PO-11036,Meridian Chem Group,Blister Packs,Packaging,2337,5.99,13998.63,2024-08-15,16,2024-09-02,Yes,"Facility B - Indianapolis, IN",China
PO-10070,PharmaCorp Global,Glass Vials,Packaging,112,5.22,584.64,2024-08-15,13,2024-08-27,Yes,"Facility A - New Brunswick, NJ",USA
PO-10455,Apex Pharma Materials,Excipients,Raw Materials,2169,91.48,198420.12,2024-08-16,20,2024-09-05,Yes,"Facility A - New Brunswick, NJ",Switzerland
PO-10647,PurePharm Supply Co,Excipients,Raw Materials,2039,96.14,196029.46,2024-08-16,18,2024-09-02,Yes,Facility C - Puerto Rico,USA
PO-10893,NovaChem Ltd,Filtration Media,Manufacturing Consumables,719,43.94,31592.86,2024-08-19,19,2024-09-06,Yes,"Facility A - New Brunswick, NJ",China
PO-10926,MedSource Industries,Active Pharmaceutical Ingredient (API),Raw Materials,4002,475.97,1904831.94,2024-08-19,34,2024-09-23,Yes,Facility E - Singapore,USA
PO-10127,BioSupply Partners,Lab Reagents,Lab Supplies,1428,114.98,164191.44,2024-08-20,17,2024-09-08,Yes,Facility E - Singapore,Germany
PO-11184,Apex Pharma Materials,Lab Reagents,Lab Supplies,438,157.5,68985.0,2024-08-20,19,2024-09-08,Yes,"Facility A - New Brunswick, NJ",Switzerland
PO-10014,Vertex Bio Supply,Packaging Film,Packaging,1338,11.27,15079.26,2024-08-21,9,2024-08-30,Yes,"Facility A - New Brunswick, NJ",India
PO-10609,Apex Pharma Materials,Lab Reagents,Lab Supplies,2275,131.55,299276.25,2024-08-21,15,2024-09-06,Yes,Facility E - Singapore,Switzerland
PO-11176,BioSupply Partners,Sterile Syringes,Medical Devices,1902,3.56,6771.12,2024-08-21,23,2024-09-15,Yes,Facility C - Puerto Rico,Germany
PO-10364,Apex Pharma Materials,Packaging Film,Packaging,1596,15.35,24498.6,2024-08-22,11,2024-09-02,Yes,Facility E - Singapore,Switzerland
PO-10668,PurePharm Supply Co,Packaging Film,Packaging,725,16.93,12274.25,2024-08-22,11,2024-09-04,Yes,Facility C - Puerto Rico,USA
PO-10470,GlobalMed Ingredients,Lab Reagents,Lab Supplies,1511,140.54,212355.94,2024-08-23,15,2024-09-09,Yes,"Facility B - Indianapolis, IN",Ireland
PO-10729,MedSource Industries,Cold Chain Packaging,Packaging,742,22.49,16687.58,2024-08-23,11,2024-09-01,Yes,"Facility D - Cork, Ireland",USA
PO-10199,Vertex Bio Supply,Excipients,Raw Materials,418,70.48,29460.64,2024-08-25,23,2024-09-18,Yes,Facility C - Puerto Rico,India
PO-11024,ChemPro Solutions,Stainless Steel Components,Manufacturing Consumables,824,204.19,168252.56,2024-08-25,44,2024-10-10,Yes,"Facility B - Indianapolis, IN",India
PO-10928,ChemPro Solutions,Blister Packs,Packaging,1034,6.04,6245.36,2024-08-27,10,2024-09-24,No,"Facility B - Indianapolis, IN",India
PO-11141,PurePharm Supply Co,Excipients,Raw Materials,1587,94.15,149416.05,2024-08-28,16,2024-09-12,Yes,"Facility B - Indianapolis, IN",USA
PO-10533,PharmaCorp Global,Sterile Syringes,Medical Devices,1029,3.2,3292.8,2024-08-29,19,2024-09-19,Yes,Facility E - Singapore,USA
PO-10138,NovaChem Ltd,Lab Reagents,Lab Supplies,2411,85.84,206960.24,2024-08-29,18,2024-09-18,Yes,"Facility A - New Brunswick, NJ",China
PO-10188,Meridian Chem Group,Filtration Media,Manufacturing Consumables,1448,43.28,62669.44,2024-08-29,18,2024-09-18,Yes,"Facility B - Indianapolis, IN",China
PO-11187,GlobalMed Ingredients,Packaging Film,Packaging,631,16.75,10569.25,2024-08-29,7,2024-09-13,No,Facility E - Singapore,Ireland
PO-10442,BioSupply Partners,Blister Packs,Packaging,4041,9.64,38955.24,2024-08-30,14,2024-09-13,Yes,Facility E - Singapore,Germany
PO-10597,PurePharm Supply Co,Sterile Syringes,Medical Devices,1337,2.9,3877.3,2024-08-30,28,2024-09-25,Yes,"Facility B - Indianapolis, IN",USA
PO-10892,PurePharm Supply Co,Filtration Media,Manufacturing Consumables,2807,73.12,205247.84,2024-09-01,29,2024-09-30,Yes,Facility C - Puerto Rico,USA
PO-11087,MedSource Industries,Cold Chain Packaging,Packaging,2057,21.91,45068.87,2024-09-01,13,2024-09-16,Yes,Facility E - Singapore,USA
PO-11056,PurePharm Supply Co,Excipients,Raw Materials,2316,73.8,170920.8,2024-09-02,10,2024-09-24,No,"Facility B - Indianapolis, IN",USA
PO-10959,PharmaCorp Global,Lab Reagents,Lab Supplies,2756,134.22,369910.32,2024-09-03,22,2024-09-23,Yes,Facility C - Puerto Rico,USA
PO-10308,PurePharm Supply Co,Stainless Steel Components,Manufacturing Consumables,571,327.8,187173.8,2024-09-04,38,2024-10-14,Yes,Facility E - Singapore,USA
PO-10863,Apex Pharma Materials,Stainless Steel Components,Manufacturing Consumables,2498,293.95,734287.1,2024-09-05,22,2024-09-28,Yes,"Facility B - Indianapolis, IN",Switzerland
PO-10111,GlobalMed Ingredients,Active Pharmaceutical Ingredient (API),Raw Materials,2702,468.36,1265508.72,2024-09-06,36,2024-10-12,Yes,"Facility B - Indianapolis, IN",Ireland
PO-10296,PharmaCorp Global,Active Pharmaceutical Ingredient (API),Raw Materials,937,429.54,402478.98,2024-09-08,51,2024-11-12,No,Facility C - Puerto Rico,USA
PO-10944,NovaChem Ltd,Glass Vials,Packaging,1457,3.97,5784.29,2024-09-08,18,2024-09-26,Yes,"Facility A - New Brunswick, NJ",China
PO-10698,PurePharm Supply Co,Cold Chain Packaging,Packaging,1365,21.0,28665.0,2024-09-09,5,2024-09-14,Yes,"Facility B - Indianapolis, IN",USA
PO-10491,ChemPro Solutions,Packaging Film,Packaging,1625,12.62,20507.5,2024-09-09,8,2024-09-16,Yes,Facility C - Puerto Rico,India
PO-10807,PurePharm Supply Co,Active Pharmaceutical Ingredient (API),Raw Materials,2383,482.65,1150154.95,2024-09-10,55,2024-11-06,Yes,Facility E - Singapore,USA
PO-10211,Apex Pharma Materials,Cold Chain Packaging,Packaging,1736,26.82,46559.52,2024-09-10,14,2024-09-22,Yes,Facility C - Puerto Rico,Switzerland
PO-10299,NovaChem Ltd,Cold Chain Packaging,Packaging,1871,16.76,31357.96,2024-09-11,15,2024-09-25,Yes,"Facility D - Cork, Ireland",China
PO-10238,ChemPro Solutions,Stainless Steel Components,Manufacturing Consumables,997,275.21,274384.37,2024-09-11,41,2024-10-24,Yes,"Facility A - New Brunswick, NJ",India
PO-10903,Apex Pharma Materials,Cold Chain Packaging,Packaging,2562,24.87,63716.94,2024-09-11,16,2024-09-27,Yes,Facility E - Singapore,Switzerland
PO-10972,NovaChem Ltd,Packaging Film,Packaging,5146,11.32,58252.72,2024-09-12,13,2024-09-25,Yes,"Facility D - Cork, Ireland",China
PO-10304,Vertex Bio Supply,Cold Chain Packaging,Packaging,1843,17.67,32565.81,2024-09-12,10,2024-09-22,Yes,Facility E - Singapore,India
PO-10923,Vertex Bio Supply,Glass Vials,Packaging,316,4.47,1412.52,2024-09-13,18,2024-10-15,No,Facility E - Singapore,India
PO-10895,Apex Pharma Materials,Filtration Media,Manufacturing Consumables,1427,82.99,118426.73,2024-09-13,25,2024-10-14,No,Facility E - Singapore,Switzerland
PO-11116,NovaChem Ltd,Lab Reagents,Lab Supplies,3147,92.96,292545.12,2024-09-14,18,2024-09-30,Yes,"Facility A - New Brunswick, NJ",China
PO-10857,Vertex Bio Supply,Glass Vials,Packaging,1219,4.44,5412.36,2024-09-14,11,2024-09-27,Yes,Facility C - Puerto Rico,India
PO-10075,PharmaCorp Global,Sterile Syringes,Medical Devices,1124,3.56,4001.44,2024-09-15,20,2024-10-04,Yes,"Facility B - Indianapolis, IN",USA
PO-10976,PurePharm Supply Co,Lab Reagents,Lab Supplies,2225,140.19,311922.75,2024-09-15,13,2024-09-28,Yes,Facility C - Puerto Rico,USA
PO-10641,ChemPro Solutions,Cold Chain Packaging,Packaging,1761,18.71,32948.31,2024-09-15,7,2024-09-24,Yes,Facility E - Singapore,India
PO-11068,GlobalMed Ingredients,Excipients,Raw Materials,2068,70.33,145442.44,2024-09-16,13,2024-09-30,Yes,"Facility B - Indianapolis, IN",Ireland
PO-11147,MedSource Industries,Packaging Film,Packaging,2049,15.99,32763.51,2024-09-16,12,2024-09-30,Yes,"Facility A - New Brunswick, NJ",USA
PO-10194,ChemPro Solutions,Glass Vials,Packaging,2166,3.61,7819.26,2024-09-17,19,2024-10-05,Yes,"Facility D - Cork, Ireland",India
PO-10632,Vertex Bio Supply,Cold Chain Packaging,Packaging,566,18.14,10267.24,2024-09-17,8,2024-09-25,Yes,"Facility D - Cork, Ireland",India
PO-10999,NovaChem Ltd,Blister Packs,Packaging,1545,6.68,10320.6,2024-09-21,16,2024-10-08,Yes,"Facility B - Indianapolis, IN",China
PO-10180,Apex Pharma Materials,Packaging Film,Packaging,1967,19.71,38769.57,2024-09-22,7,2024-09-27,Yes,Facility E - Singapore,Switzerland
PO-11084,ChemPro Solutions,Cold Chain Packaging,Packaging,609,15.72,9573.48,2024-09-23,13,2024-10-06,Yes,Facility E - Singapore,India
PO-10481,Vertex Bio Supply,Stainless Steel Components,Manufacturing Consumables,343,219.26,75206.18,2024-09-23,44,2024-11-08,Yes,"Facility B - Indianapolis, IN",India
PO-10250,ChemPro Solutions,Lab Reagents,Lab Supplies,1394,81.94,114224.36,2024-09-24,14,2024-10-06,Yes,Facility E - Singapore,India
PO-10993,PharmaCorp Global,Sterile Syringes,Medical Devices,1533,3.52,5396.16,2024-09-25,12,2024-10-09,Yes,Facility E - Singapore,USA
PO-10994,PurePharm Supply Co,Filtration Media,Manufacturing Consumables,2096,67.57,141626.72,2024-09-25,29,2024-10-23,Yes,Facility E - Singapore,USA
PO-10841,BioSupply Partners,Stainless Steel Components,Manufacturing Consumables,214,334.27,71533.78,2024-09-25,32,2024-10-29,Yes,"Facility A - New Brunswick, NJ",Germany
PO-11038,PurePharm Supply Co,Filtration Media,Manufacturing Consumables,2236,60.72,135769.92,2024-09-25,34,2024-10-27,Yes,Facility C - Puerto Rico,USA
PO-10129,NovaChem Ltd,Sterile Syringes,Medical Devices,529,2.49,1317.21,2024-09-26,17,2024-10-22,No,Facility E - Singapore,China
PO-10827,ChemPro Solutions,Cold Chain Packaging,Packaging,2019,18.65,37654.35,2024-09-27,14,2024-10-10,Yes,Facility E - Singapore,India
PO-10133,BioSupply Partners,Active Pharmaceutical Ingredient (API),Raw Materials,829,484.12,401335.48,2024-09-27,73,2024-12-07,Yes,"Facility A - New Brunswick, NJ",Germany
PO-10880,PurePharm Supply Co,Filtration Media,Manufacturing Consumables,381,68.86,26235.66,2024-09-28,16,2024-10-14,Yes,"Facility A - New Brunswick, NJ",USA
PO-10938,BioSupply Partners,Cold Chain Packaging,Packaging,631,25.49,16084.19,2024-09-28,20,2024-10-16,Yes,"Facility D - Cork, Ireland",Germany
PO-10799,ChemPro Solutions,Glass Vials,Packaging,690,4.21,2904.9,2024-09-29,20,2024-10-21,Yes,"Facility B - Indianapolis, IN",India
PO-10871,ChemPro Solutions,Active Pharmaceutical Ingredient (API),Raw Materials,2024,317.16,641931.84,2024-09-29,45,2024-11-27,No,"Facility D - Cork, Ireland",India
PO-10952,Meridian Chem Group,Active Pharmaceutical Ingredient (API),Raw Materials,1689,331.66,560173.74,2024-09-30,41,2024-11-09,Yes,Facility E - Singapore,China
PO-10283,ChemPro Solutions,Filtration Media,Manufacturing Consumables,286,54.37,15549.82,2024-09-30,30,2024-10-31,Yes,"Facility D - Cork, Ireland",India
PO-11185,PurePharm Supply Co,Blister Packs,Packaging,1205,9.47,11411.35,2024-10-01,8,2024-10-10,Yes,Facility C - Puerto Rico,USA
PO-10666,NovaChem Ltd,Stainless Steel Components,Manufacturing Consumables,369,215.55,79537.95,2024-10-02,29,2024-10-29,Yes,"Facility A - New Brunswick, NJ",China
PO-10730,PharmaCorp Global,Packaging Film,Packaging,2327,13.66,31786.82,2024-10-02,9,2024-10-11,Yes,"Facility D - Cork, Ireland",USA
PO-10374,GlobalMed Ingredients,Blister Packs,Packaging,1131,7.45,8425.95,2024-10-02,9,2024-10-10,Yes,"Facility D - Cork, Ireland",Ireland
PO-11021,GlobalMed Ingredients,Glass Vials,Packaging,1439,4.81,6921.59,2024-10-02,7,2024-10-09,Yes,"Facility B - Indianapolis, IN",Ireland
PO-10615,PurePharm Supply Co,Excipients,Raw Materials,1905,98.32,187299.6,2024-10-02,24,2024-10-26,Yes,Facility C - Puerto Rico,USA
PO-11014,PharmaCorp Global,Blister Packs,Packaging,1786,7.62,13609.32,2024-10-03,12,2024-10-15,Yes,"Facility A - New Brunswick, NJ",USA
PO-10716,PurePharm Supply Co,Lab Reagents,Lab Supplies,1021,112.29,114648.09,2024-10-03,25,2024-10-29,Yes,"Facility D - Cork, Ireland",USA
PO-11165,MedSource Industries,Cold Chain Packaging,Packaging,1102,21.9,24133.8,2024-10-03,12,2024-10-19,No,"Facility B - Indianapolis, IN",USA
PO-10897,GlobalMed Ingredients,Blister Packs,Packaging,1245,7.95,9897.75,2024-10-03,11,2024-10-14,Yes,"Facility D - Cork, Ireland",Ireland
PO-10229,Vertex Bio Supply,Blister Packs,Packaging,2248,6.61,14859.28,2024-10-03,10,2024-10-12,Yes,"Facility A - New Brunswick, NJ",India
PO-10957,BioSupply Partners,Blister Packs,Packaging,946,7.71,7293.66,2024-10-03,17,2024-10-18,Yes,"Facility D - Cork, Ireland",Germany
PO-10230,Apex Pharma Materials,Packaging Film,Packaging,968,18.54,17946.72,2024-10-05,7,2024-10-10,Yes,Facility E - Singapore,Switzerland
PO-10538,Meridian Chem Group,Packaging Film,Packaging,6663,10.96,73026.48,2024-10-05,8,2024-10-12,Yes,Facility E - Singapore,China
PO-11048,GlobalMed Ingredients,Active Pharmaceutical Ingredient (API),Raw Materials,1029,401.13,412762.77,2024-10-06,30,2024-11-07,Yes,"Facility D - Cork, Ireland",Ireland
PO-10884,PharmaCorp Global,Lab Reagents,Lab Supplies,2605,130.01,338676.05,2024-10-06,10,2024-10-22,No,Facility C - Puerto Rico,USA
PO-10416,PharmaCorp Global,Cold Chain Packaging,Packaging,1140,25.99,29628.6,2024-10-07,17,2024-10-26,Yes,"Facility A - New Brunswick, NJ",USA
PO-10056,MedSource Industries,Sterile Syringes,Medical Devices,2960,2.63,7784.8,2024-10-08,17,2024-10-25,Yes,Facility C - Puerto Rico,USA
PO-10396,Meridian Chem Group,Glass Vials,Packaging,1875,4.27,8006.25,2024-10-09,20,2024-10-29,Yes,"Facility D - Cork, Ireland",China
PO-10013,ChemPro Solutions,Sterile Syringes,Medical Devices,1022,2.24,2289.28,2024-10-09,15,2024-10-25,Yes,Facility E - Singapore,India
PO-10084,BioSupply Partners,Packaging Film,Packaging,840,17.89,15027.6,2024-10-09,7,2024-10-15,Yes,Facility C - Puerto Rico,Germany
PO-10039,BioSupply Partners,Blister Packs,Packaging,2886,8.17,23578.62,2024-10-11,13,2024-10-23,Yes,Facility E - Singapore,Germany
PO-10386,Meridian Chem Group,Filtration Media,Manufacturing Consumables,2440,50.9,124196.0,2024-10-12,34,2024-12-01,No,"Facility B - Indianapolis, IN",China
PO-10438,ChemPro Solutions,Filtration Media,Manufacturing Consumables,2466,44.2,108997.2,2024-10-13,29,2024-11-12,Yes,Facility C - Puerto Rico,India
PO-10103,GlobalMed Ingredients,Blister Packs,Packaging,234,7.27,1701.18,2024-10-13,12,2024-10-23,Yes,Facility E - Singapore,Ireland
PO-10714,Vertex Bio Supply,Cold Chain Packaging,Packaging,716,18.59,13310.44,2024-10-13,13,2024-11-11,No,"Facility D - Cork, Ireland",India
PO-10149,Vertex Bio Supply,Cold Chain Packaging,Packaging,4008,16.62,66612.96,2024-10-13,19,2024-11-01,Yes,"Facility B - Indianapolis, IN",India
PO-10367,MedSource Industries,Glass Vials,Packaging,1212,4.91,5950.92,2024-10-14,19,2024-11-01,Yes,Facility C - Puerto Rico,USA
PO-10218,Vertex Bio Supply,Active Pharmaceutical Ingredient (API),Raw Materials,939,407.81,382933.59,2024-10-15,38,2024-11-24,Yes,Facility E - Singapore,India
PO-11057,PurePharm Supply Co,Filtration Media,Manufacturing Consumables,3935,59.84,235470.4,2024-10-16,28,2024-11-11,Yes,Facility E - Singapore,USA
PO-10682,NovaChem Ltd,Lab Reagents,Lab Supplies,1404,95.78,134475.12,2024-10-16,20,2024-11-06,Yes,Facility E - Singapore,China
PO-10955,Apex Pharma Materials,Lab Reagents,Lab Supplies,2070,151.91,314453.7,2024-10-16,21,2024-11-04,Yes,Facility E - Singapore,Switzerland
PO-10078,PurePharm Supply Co,Cold Chain Packaging,Packaging,418,25.9,10826.2,2024-10-17,15,2024-10-31,Yes,"Facility D - Cork, Ireland",USA
PO-10899,GlobalMed Ingredients,Blister Packs,Packaging,966,7.93,7660.38,2024-10-19,6,2024-10-26,Yes,Facility E - Singapore,Ireland
PO-10527,GlobalMed Ingredients,Blister Packs,Packaging,1064,8.67,9224.88,2024-10-19,8,2024-10-27,Yes,Facility E - Singapore,Ireland
PO-10655,PurePharm Supply Co,Filtration Media,Manufacturing Consumables,478,59.99,28675.22,2024-10-19,29,2024-11-18,Yes,Facility E - Singapore,USA
PO-10808,PharmaCorp Global,Cold Chain Packaging,Packaging,1242,25.43,31584.06,2024-10-19,14,2024-11-04,Yes,Facility E - Singapore,USA
PO-10017,Meridian Chem Group,Lab Reagents,Lab Supplies,2293,86.23,197725.39,2024-10-20,12,2024-11-02,Yes,"Facility B - Indianapolis, IN",China
PO-10748,Meridian Chem Group,Blister Packs,Packaging,1552,5.39,8365.28,2024-10-20,11,2024-10-30,Yes,Facility E - Singapore,China
PO-10277,PharmaCorp Global,Cold Chain Packaging,Packaging,1333,21.55,28726.15,2024-10-20,13,2024-11-01,Yes,"Facility A - New Brunswick, NJ",USA
PO-10079,Vertex Bio Supply,Sterile Syringes,Medical Devices,944,2.69,2539.36,2024-10-21,22,2024-11-10,Yes,"Facility A - New Brunswick, NJ",India
PO-10146,ChemPro Solutions,Excipients,Raw Materials,2733,69.62,190271.46,2024-10-21,23,2024-11-27,No,Facility C - Puerto Rico,India
PO-10473,ChemPro Solutions,Lab Reagents,Lab Supplies,2968,87.24,258928.32,2024-10-22,14,2024-11-07,Yes,"Facility A - New Brunswick, NJ",India
PO-10688,GlobalMed Ingredients,Lab Reagents,Lab Supplies,1635,135.56,221640.6,2024-10-23,21,2024-11-12,Yes,Facility C - Puerto Rico,Ireland
PO-10604,PharmaCorp Global,Packaging Film,Packaging,903,14.69,13265.07,2024-10-23,9,2024-11-03,Yes,"Facility B - Indianapolis, IN",USA
PO-11050,PurePharm Supply Co,Glass Vials,Packaging,2311,5.76,13311.36,2024-10-23,16,2024-11-07,Yes,"Facility B - Indianapolis, IN",USA
PO-10726,BioSupply Partners,Cold Chain Packaging,Packaging,1559,27.27,42513.93,2024-10-23,11,2024-11-02,Yes,"Facility D - Cork, Ireland",Germany
PO-10502,Apex Pharma Materials,Sterile Syringes,Medical Devices,260,2.94,764.4,2024-10-24,23,2024-11-16,Yes,"Facility A - New Brunswick, NJ",Switzerland
PO-10165,Meridian Chem Group,Filtration Media,Manufacturing Consumables,4294,51.72,222085.68,2024-10-24,26,2024-11-25,No,"Facility A - New Brunswick, NJ",China
PO-10755,Apex Pharma Materials,Stainless Steel Components,Manufacturing Consumables,1762,386.91,681735.42,2024-10-25,30,2024-11-24,Yes,Facility E - Singapore,Switzerland
PO-10426,MedSource Industries,Blister Packs,Packaging,1895,8.24,15614.8,2024-10-26,9,2024-11-03,Yes,"Facility A - New Brunswick, NJ",USA
PO-10428,ChemPro Solutions,Sterile Syringes,Medical Devices,193,2.65,511.45,2024-10-28,16,2024-11-13,Yes,"Facility A - New Brunswick, NJ",India
PO-11096,PurePharm Supply Co,Packaging Film,Packaging,901,16.74,15082.74,2024-10-29,8,2024-11-07,Yes,Facility E - Singapore,USA
PO-10472,Apex Pharma Materials,Cold Chain Packaging,Packaging,792,22.03,17447.76,2024-10-29,10,2024-11-07,Yes,"Facility B - Indianapolis, IN",Switzerland
PO-10960,PurePharm Supply Co,Packaging Film,Packaging,2091,16.45,34396.95,2024-10-29,9,2024-11-09,Yes,"Facility A - New Brunswick, NJ",USA
PO-10209,GlobalMed Ingredients,Active Pharmaceutical Ingredient (API),Raw Materials,638,472.53,301474.14,2024-10-29,43,2024-12-26,No,"Facility A - New Brunswick, NJ",Ireland
PO-10155,NovaChem Ltd,Excipients,Raw Materials,1229,65.96,81064.84,2024-10-29,19,2024-11-18,Yes,Facility C - Puerto Rico,China
PO-10872,BioSupply Partners,Sterile Syringes,Medical Devices,1560,3.22,5023.2,2024-10-30,19,2024-11-20,Yes,"Facility A - New Brunswick, NJ",Germany
PO-10626,PurePharm Supply Co,Sterile Syringes,Medical Devices,2764,3.39,9369.96,2024-10-30,20,2024-11-17,Yes,Facility E - Singapore,USA
PO-11043,Meridian Chem Group,Glass Vials,Packaging,3549,3.96,14054.04,2024-10-30,13,2024-11-30,No,"Facility D - Cork, Ireland",China
PO-10764,NovaChem Ltd,Filtration Media,Manufacturing Consumables,1200,53.92,64704.0,2024-11-01,25,2024-12-09,No,"Facility B - Indianapolis, IN",China
PO-10495,Apex Pharma Materials,Blister Packs,Packaging,833,10.29,8571.57,2024-11-01,9,2024-11-09,Yes,"Facility B - Indianapolis, IN",Switzerland
PO-10721,NovaChem Ltd,Lab Reagents,Lab Supplies,507,84.33,42755.31,2024-11-01,18,2024-11-21,Yes,"Facility D - Cork, Ireland",China
PO-10310,NovaChem Ltd,Glass Vials,Packaging,3027,3.66,11078.82,2024-11-01,18,2024-11-26,No,"Facility A - New Brunswick, NJ",China
PO-10939,ChemPro Solutions,Filtration Media,Manufacturing Consumables,1352,54.61,73832.72,2024-11-01,20,2024-12-01,No,"Facility A - New Brunswick, NJ",India
PO-10796,Meridian Chem Group,Cold Chain Packaging,Packaging,721,18.21,13129.41,2024-11-02,16,2024-11-19,Yes,"Facility A - New Brunswick, NJ",China
PO-10383,NovaChem Ltd,Packaging Film,Packaging,3064,10.7,32784.8,2024-11-03,7,2024-11-08,Yes,Facility E - Singapore,China
PO-10315,PharmaCorp Global,Excipients,Raw Materials,852,79.86,68040.72,2024-11-03,22,2024-11-23,Yes,"Facility A - New Brunswick, NJ",USA
PO-10654,MedSource Industries,Stainless Steel Components,Manufacturing Consumables,686,328.29,225206.94,2024-11-04,20,2024-11-22,Yes,"Facility B - Indianapolis, IN",USA
PO-10992,PharmaCorp Global,Lab Reagents,Lab Supplies,2703,118.33,319845.99,2024-11-04,14,2024-11-19,Yes,"Facility A - New Brunswick, NJ",USA
PO-11103,GlobalMed Ingredients,Packaging Film,Packaging,2446,13.61,33290.06,2024-11-05,5,2024-11-10,Yes,"Facility D - Cork, Ireland",Ireland
PO-10781,ChemPro Solutions,Glass Vials,Packaging,129,3.51,452.79,2024-11-06,14,2024-11-18,Yes,Facility E - Singapore,India
PO-10354,PurePharm Supply Co,Cold Chain Packaging,Packaging,3358,25.92,87039.36,2024-11-09,15,2024-11-24,Yes,Facility E - Singapore,USA
PO-10071,BioSupply Partners,Sterile Syringes,Medical Devices,618,3.43,2119.74,2024-11-10,13,2024-11-30,No,"Facility A - New Brunswick, NJ",Germany
PO-10430,BioSupply Partners,Packaging Film,Packaging,2498,17.72,44264.56,2024-11-11,14,2024-11-26,Yes,"Facility D - Cork, Ireland",Germany
PO-10415,ChemPro Solutions,Lab Reagents,Lab Supplies,728,82.34,59943.52,2024-11-11,21,2024-11-30,Yes,"Facility B - Indianapolis, IN",India
PO-10867,BioSupply Partners,Sterile Syringes,Medical Devices,1034,3.59,3712.06,2024-11-12,18,2024-11-30,Yes,"Facility A - New Brunswick, NJ",Germany
PO-11051,PurePharm Supply Co,Lab Reagents,Lab Supplies,328,138.84,45539.52,2024-11-12,13,2024-11-25,Yes,"Facility B - Indianapolis, IN",USA
PO-10353,Meridian Chem Group,Excipients,Raw Materials,1128,68.1,76816.8,2024-11-12,30,2024-12-10,Yes,"Facility D - Cork, Ireland",China
PO-10244,PurePharm Supply Co,Glass Vials,Packaging,1038,5.52,5729.76,2024-11-13,12,2024-11-23,Yes,"Facility A - New Brunswick, NJ",USA
PO-10680,NovaChem Ltd,Excipients,Raw Materials,1012,52.7,53332.4,2024-11-13,32,2024-12-17,Yes,Facility C - Puerto Rico,China
PO-10677,BioSupply Partners,Excipients,Raw Materials,3778,87.88,332010.64,2024-11-13,16,2024-11-28,Yes,"Facility D - Cork, Ireland",Germany
PO-10946,PharmaCorp Global,Packaging Film,Packaging,3522,16.03,56457.66,2024-11-14,6,2024-12-05,No,"Facility D - Cork, Ireland",USA
PO-10076,Apex Pharma Materials,Filtration Media,Manufacturing Consumables,347,65.51,22731.97,2024-11-14,26,2024-12-08,Yes,"Facility A - New Brunswick, NJ",Switzerland
PO-10683,PurePharm Supply Co,Packaging Film,Packaging,3299,15.52,51200.48,2024-11-15,11,2024-11-24,Yes,"Facility A - New Brunswick, NJ",USA
PO-11189,PurePharm Supply Co,Blister Packs,Packaging,874,7.45,6511.3,2024-11-15,14,2024-11-27,Yes,"Facility B - Indianapolis, IN",USA
PO-10449,ChemPro Solutions,Stainless Steel Components,Manufacturing Consumables,3586,232.58,834031.88,2024-11-15,47,2025-01-13,No,"Facility A - New Brunswick, NJ",India
PO-10273,GlobalMed Ingredients,Packaging Film,Packaging,2386,15.19,36243.34,2024-11-16,9,2024-11-27,Yes,Facility E - Singapore,Ireland
PO-10663,GlobalMed Ingredients,Blister Packs,Packaging,1410,8.65,12196.5,2024-11-18,10,2024-11-28,Yes,Facility C - Puerto Rico,Ireland
PO-10027,BioSupply Partners,Active Pharmaceutical Ingredient (API),Raw Materials,1121,468.99,525737.79,2024-11-18,39,2024-12-25,Yes,"Facility B - Indianapolis, IN",Germany
PO-11015,Apex Pharma Materials,Packaging Film,Packaging,3283,15.87,52101.21,2024-11-19,10,2024-11-29,Yes,Facility E - Singapore,Switzerland
PO-10128,NovaChem Ltd,Glass Vials,Packaging,1642,4.05,6650.1,2024-11-19,19,2024-12-07,Yes,"Facility A - New Brunswick, NJ",China
PO-10998,PharmaCorp Global,Cold Chain Packaging,Packaging,4599,24.64,113319.36,2024-11-20,6,2024-11-24,Yes,"Facility D - Cork, Ireland",USA
PO-10573,PurePharm Supply Co,Excipients,Raw Materials,976,78.98,77084.48,2024-11-20,16,2024-12-04,Yes,Facility C - Puerto Rico,USA
PO-11155,PurePharm Supply Co,Sterile Syringes,Medical Devices,1405,3.31,4650.55,2024-11-21,20,2024-12-13,Yes,"Facility D - Cork, Ireland",USA
PO-10327,NovaChem Ltd,Packaging Film,Packaging,2668,11.83,31562.44,2024-11-21,4,2024-11-26,Yes,Facility C - Puerto Rico,China
PO-10018,NovaChem Ltd,Lab Reagents,Lab Supplies,614,85.16,52288.24,2024-11-21,18,2024-12-09,Yes,"Facility D - Cork, Ireland",China
PO-10048,NovaChem Ltd,Packaging Film,Packaging,2756,10.36,28552.16,2024-11-22,10,2024-12-08,No,"Facility D - Cork, Ireland",China
PO-11059,PharmaCorp Global,Active Pharmaceutical Ingredient (API),Raw Materials,537,480.74,258157.38,2024-11-23,33,2024-12-27,Yes,Facility C - Puerto Rico,USA
PO-10385,PharmaCorp Global,Lab Reagents,Lab Supplies,1772,118.21,209468.12,2024-11-23,10,2024-12-18,No,Facility C - Puerto Rico,USA
PO-10685,GlobalMed Ingredients,Active Pharmaceutical Ingredient (API),Raw Materials,1195,505.97,604634.15,2024-11-24,46,2025-01-08,Yes,Facility E - Singapore,Ireland
PO-10907,Vertex Bio Supply,Lab Reagents,Lab Supplies,1228,91.02,111772.56,2024-11-25,17,2024-12-15,No,"Facility B - Indianapolis, IN",India
PO-10530,Apex Pharma Materials,Lab Reagents,Lab Supplies,1533,122.33,187531.89,2024-11-25,22,2024-12-19,Yes,Facility C - Puerto Rico,Switzerland
PO-10320,MedSource Industries,Glass Vials,Packaging,987,4.59,4530.33,2024-11-26,15,2024-12-12,Yes,"Facility A - New Brunswick, NJ",USA
PO-11152,BioSupply Partners,Sterile Syringes,Medical Devices,1931,2.94,5677.14,2024-11-26,16,2024-12-10,Yes,Facility C - Puerto Rico,Germany
PO-10810,GlobalMed Ingredients,Glass Vials,Packaging,990,5.51,5454.9,2024-11-26,23,2024-12-20,Yes,"Facility A - New Brunswick, NJ",Ireland
PO-10929,NovaChem Ltd,Stainless Steel Components,Manufacturing Consumables,1098,214.41,235422.18,2024-11-27,40,2025-01-08,Yes,Facility E - Singapore,China
PO-10787,PharmaCorp Global,Lab Reagents,Lab Supplies,2213,121.22,268259.86,2024-11-28,16,2024-12-15,Yes,Facility C - Puerto Rico,USA
PO-10833,BioSupply Partners,Sterile Syringes,Medical Devices,2327,3.64,8470.28,2024-11-28,16,2024-12-12,Yes,"Facility D - Cork, Ireland",Germany
PO-10237,ChemPro Solutions,Stainless Steel Components,Manufacturing Consumables,235,209.35,49197.25,2024-11-29,39,2025-01-08,Yes,Facility C - Puerto Rico,India
PO-10417,Meridian Chem Group,Sterile Syringes,Medical Devices,1142,2.0,2284.0,2024-11-29,16,2024-12-14,Yes,"Facility B - Indianapolis, IN",China
PO-10493,PharmaCorp Global,Active Pharmaceutical Ingredient (API),Raw Materials,1676,437.86,733853.36,2024-11-29,48,2025-01-18,Yes,Facility E - Singapore,USA
PO-10077,PurePharm Supply Co,Lab Reagents,Lab Supplies,525,147.68,77532.0,2024-11-29,15,2024-12-15,Yes,Facility E - Singapore,USA
PO-10404,PharmaCorp Global,Filtration Media,Manufacturing Consumables,501,76.39,38271.39,2024-11-30,26,2024-12-26,Yes,Facility E - Singapore,USA
PO-10061,MedSource Industries,Packaging Film,Packaging,1589,15.18,24121.02,2024-11-30,12,2024-12-11,Yes,"Facility D - Cork, Ireland",USA
PO-10351,Vertex Bio Supply,Stainless Steel Components,Manufacturing Consumables,799,268.42,214467.58,2024-11-30,36,2025-01-07,Yes,Facility C - Puerto Rico,India
PO-10815,GlobalMed Ingredients,Packaging Film,Packaging,3858,13.01,50192.58,2024-12-01,16,2024-12-19,Yes,Facility E - Singapore,Ireland
PO-10516,PurePharm Supply Co,Blister Packs,Packaging,1030,9.45,9733.5,2024-12-02,15,2024-12-16,Yes,"Facility B - Indianapolis, IN",USA
PO-10812,PharmaCorp Global,Blister Packs,Packaging,2251,7.26,16342.26,2024-12-04,15,2024-12-20,Yes,Facility C - Puerto Rico,USA
PO-11130,BioSupply Partners,Active Pharmaceutical Ingredient (API),Raw Materials,3164,453.41,1434589.24,2024-12-05,47,2025-01-22,Yes,"Facility A - New Brunswick, NJ",Germany
PO-10508,Meridian Chem Group,Excipients,Raw Materials,1369,66.88,91558.72,2024-12-05,10,2024-12-17,Yes,"Facility B - Indianapolis, IN",China
PO-10154,GlobalMed Ingredients,Lab Reagents,Lab Supplies,2836,128.77,365191.72,2024-12-06,13,2024-12-21,Yes,Facility E - Singapore,Ireland
PO-11125,GlobalMed Ingredients,Stainless Steel Components,Manufacturing Consumables,2564,300.44,770328.16,2024-12-07,23,2024-12-31,Yes,"Facility D - Cork, Ireland",Ireland
PO-10875,Vertex Bio Supply,Filtration Media,Manufacturing Consumables,1867,53.52,99921.84,2024-12-07,21,2024-12-28,Yes,Facility C - Puerto Rico,India
PO-11065,PharmaCorp Global,Glass Vials,Packaging,1531,5.57,8527.67,2024-12-07,15,2024-12-20,Yes,Facility C - Puerto Rico,USA
PO-10737,PharmaCorp Global,Stainless Steel Components,Manufacturing Consumables,1963,298.53,586014.39,2024-12-08,30,2025-01-09,Yes,"Facility A - New Brunswick, NJ",USA
PO-10535,Vertex Bio Supply,Filtration Media,Manufacturing Consumables,853,46.15,39365.95,2024-12-08,32,2025-01-07,Yes,Facility E - Singapore,India
PO-10941,Meridian Chem Group,Glass Vials,Packaging,2345,3.78,8864.1,2024-12-08,15,2024-12-24,Yes,"Facility B - Indianapolis, IN",China
PO-11042,GlobalMed Ingredients,Cold Chain Packaging,Packaging,643,24.32,15637.76,2024-12-09,6,2024-12-17,Yes,Facility C - Puerto Rico,Ireland
PO-10746,PharmaCorp Global,Glass Vials,Packaging,161,5.47,880.67,2024-12-11,11,2024-12-24,Yes,"Facility D - Cork, Ireland",USA
PO-10089,NovaChem Ltd,Excipients,Raw Materials,1604,59.66,95694.64,2024-12-12,12,2024-12-24,Yes,"Facility A - New Brunswick, NJ",China
PO-11032,Apex Pharma Materials,Glass Vials,Packaging,397,6.51,2584.47,2024-12-13,8,2024-12-19,Yes,"Facility D - Cork, Ireland",Switzerland
PO-10447,Vertex Bio Supply,Lab Reagents,Lab Supplies,2091,92.71,193856.61,2024-12-13,18,2025-01-15,No,"Facility B - Indianapolis, IN",India
PO-10460,GlobalMed Ingredients,Sterile Syringes,Medical Devices,1221,2.77,3382.17,2024-12-13,15,2024-12-28,Yes,"Facility D - Cork, Ireland",Ireland
PO-11164,PharmaCorp Global,Filtration Media,Manufacturing Consumables,731,63.16,46169.96,2024-12-13,16,2024-12-31,Yes,"Facility B - Indianapolis, IN",USA
PO-10916,PurePharm Supply Co,Active Pharmaceutical Ingredient (API),Raw Materials,1837,481.8,885066.6,2024-12-13,59,2025-02-08,Yes,"Facility D - Cork, Ireland",USA
PO-10300,PurePharm Supply Co,Excipients,Raw Materials,3341,79.81,266645.21,2024-12-14,20,2025-01-05,Yes,Facility E - Singapore,USA
PO-10978,ChemPro Solutions,Glass Vials,Packaging,1642,3.73,6124.66,2024-12-14,19,2025-01-20,No,"Facility B - Indianapolis, IN",India
PO-10752,Vertex Bio Supply,Filtration Media,Manufacturing Consumables,2435,52.85,128689.75,2024-12-16,29,2025-01-12,Yes,Facility C - Puerto Rico,India
PO-10534,Vertex Bio Supply,Filtration Media,Manufacturing Consumables,916,52.17,47787.72,2024-12-17,29,2025-01-14,Yes,"Facility B - Indianapolis, IN",India
PO-10171,ChemPro Solutions,Sterile Syringes,Medical Devices,2168,2.23,4834.64,2024-12-18,18,2025-01-03,Yes,"Facility A - New Brunswick, NJ",India
PO-10227,NovaChem Ltd,Sterile Syringes,Medical Devices,443,2.29,1014.47,2024-12-18,18,2025-01-06,Yes,"Facility B - Indianapolis, IN",China
PO-11169,NovaChem Ltd,Packaging Film,Packaging,1510,10.55,15930.5,2024-12-18,9,2024-12-27,Yes,"Facility B - Indianapolis, IN",China
PO-10276,GlobalMed Ingredients,Stainless Steel Components,Manufacturing Consumables,1307,272.39,356013.73,2024-12-19,19,2025-01-05,Yes,"Facility D - Cork, Ireland",Ireland
PO-11047,Vertex Bio Supply,Sterile Syringes,Medical Devices,880,2.52,2217.6,2024-12-19,18,2025-01-05,Yes,"Facility A - New Brunswick, NJ",India
PO-10281,Apex Pharma Materials,Sterile Syringes,Medical Devices,1329,3.83,5090.07,2024-12-20,15,2025-01-03,Yes,Facility C - Puerto Rico,Switzerland
PO-10475,Vertex Bio Supply,Lab Reagents,Lab Supplies,1072,87.44,93735.68,2024-12-20,15,2025-01-04,Yes,"Facility B - Indianapolis, IN",India
PO-11081,Meridian Chem Group,Excipients,Raw Materials,1377,54.61,75197.97,2024-12-21,33,2025-01-21,Yes,Facility E - Singapore,China
PO-10708,Vertex Bio Supply,Lab Reagents,Lab Supplies,3219,99.73,321030.87,2024-12-21,17,2025-01-09,Yes,"Facility D - Cork, Ireland",India
PO-10053,NovaChem Ltd,Lab Reagents,Lab Supplies,3435,102.38,351675.3,2024-12-23,14,2025-01-07,Yes,Facility E - Singapore,China
PO-11003,Meridian Chem Group,Excipients,Raw Materials,76,64.47,4899.72,2024-12-24,23,2025-01-31,No,"Facility D - Cork, Ireland",China
PO-10064,BioSupply Partners,Cold Chain Packaging,Packaging,5509,26.1,143784.9,2024-12-25,10,2025-01-02,Yes,Facility C - Puerto Rico,Germany
PO-10292,Meridian Chem Group,Cold Chain Packaging,Packaging,1782,18.76,33430.32,2024-12-25,18,2025-01-25,No,Facility C - Puerto Rico,China
PO-10672,GlobalMed Ingredients,Blister Packs,Packaging,1862,9.26,17242.12,2024-12-28,15,2025-01-21,No,Facility C - Puerto Rico,Ireland
PO-10256,MedSource Industries,Blister Packs,Packaging,481,7.16,3443.96,2024-12-28,12,2025-01-08,Yes,Facility C - Puerto Rico,USA
PO-10349,Vertex Bio Supply,Stainless Steel Components,Manufacturing Consumables,1114,224.11,249658.54,2024-12-29,49,2025-02-14,Yes,Facility E - Singapore,India
PO-10917,Apex Pharma Materials,Lab Reagents,Lab Supplies,317,147.26,46681.42,2024-12-29,22,2025-01-19,Yes,Facility C - Puerto Rico,Switzerland
PO-10107,BioSupply Partners,Glass Vials,Packaging,2195,5.59,12270.05,2024-12-30,16,2025-01-13,Yes,"Facility A - New Brunswick, NJ",Germany
PO-10542,Apex Pharma Materials,Sterile Syringes,Medical Devices,1852,3.21,5944.92,2024-12-31,15,2025-01-25,No,"Facility D - Cork, Ireland",Switzerland
PO-10877,GlobalMed Ingredients,Cold Chain Packaging,Packaging,1139,20.46,23303.94,2024-12-31,10,2025-01-11,Yes,Facility E - Singapore,Ireland
PO-10151,Apex Pharma Materials,Blister Packs,Packaging,3549,9.05,32118.45,2025-01-01,12,2025-01-14,Yes,Facility C - Puerto Rico,Switzerland
PO-10330,NovaChem Ltd,Lab Reagents,Lab Supplies,625,101.19,63243.75,2025-01-01,17,2025-01-20,Yes,Facility C - Puerto Rico,China
PO-10859,Meridian Chem Group,Lab Reagents,Lab Supplies,747,105.42,78748.74,2025-01-01,19,2025-01-30,No,Facility C - Puerto Rico,China
PO-10546,MedSource Industries,Excipients,Raw Materials,1417,88.78,125801.26,2025-01-02,29,2025-01-29,Yes,Facility E - Singapore,USA
PO-10830,PharmaCorp Global,Excipients,Raw Materials,1912,71.79,137262.48,2025-01-02,27,2025-01-28,Yes,Facility C - Puerto Rico,USA
PO-10306,GlobalMed Ingredients,Sterile Syringes,Medical Devices,1452,2.84,4123.68,2025-01-02,24,2025-01-27,Yes,"Facility A - New Brunswick, NJ",Ireland
PO-11105,Meridian Chem Group,Sterile Syringes,Medical Devices,701,2.01,1409.01,2025-01-03,17,2025-01-19,Yes,"Facility B - Indianapolis, IN",China
PO-10580,GlobalMed Ingredients,Lab Reagents,Lab Supplies,2060,120.15,247509.0,2025-01-03,16,2025-01-21,Yes,"Facility A - New Brunswick, NJ",Ireland
PO-10947,Meridian Chem Group,Blister Packs,Packaging,1392,5.77,8031.84,2025-01-03,17,2025-01-18,Yes,"Facility A - New Brunswick, NJ",China
PO-10466,Apex Pharma Materials,Cold Chain Packaging,Packaging,1481,25.97,38461.57,2025-01-04,12,2025-01-17,Yes,Facility E - Singapore,Switzerland
PO-10217,Meridian Chem Group,Blister Packs,Packaging,2333,6.36,14837.88,2025-01-05,8,2025-01-27,No,"Facility A - New Brunswick, NJ",China
PO-10378,GlobalMed Ingredients,Sterile Syringes,Medical Devices,445,3.13,1392.85,2025-01-05,8,2025-02-01,No,"Facility B - Indianapolis, IN",Ireland
PO-11045,Vertex Bio Supply,Lab Reagents,Lab Supplies,1117,110.51,123439.67,2025-01-06,20,2025-01-26,Yes,"Facility A - New Brunswick, NJ",India
PO-11118,Apex Pharma Materials,Glass Vials,Packaging,416,5.25,2184.0,2025-01-06,14,2025-01-19,Yes,"Facility D - Cork, Ireland",Switzerland
PO-11111,NovaChem Ltd,Packaging Film,Packaging,596,11.03,6573.88,2025-01-06,7,2025-01-14,Yes,"Facility D - Cork, Ireland",China
PO-10649,Meridian Chem Group,Packaging Film,Packaging,4162,11.68,48612.16,2025-01-06,7,2025-01-14,Yes,"Facility D - Cork, Ireland",China
PO-10163,Vertex Bio Supply,Glass Vials,Packaging,1147,4.08,4679.76,2025-01-07,17,2025-01-24,Yes,Facility E - Singapore,India
PO-10581,ChemPro Solutions,Active Pharmaceutical Ingredient (API),Raw Materials,4012,375.01,1504540.12,2025-01-07,16,2025-02-04,No,"Facility B - Indianapolis, IN",India
PO-10896,PharmaCorp Global,Filtration Media,Manufacturing Consumables,2755,72.16,198800.8,2025-01-07,26,2025-02-15,No,"Facility B - Indianapolis, IN",USA
PO-11005,Vertex Bio Supply,Cold Chain Packaging,Packaging,1426,17.21,24541.46,2025-01-09,12,2025-01-20,Yes,"Facility D - Cork, Ireland",India
PO-10319,GlobalMed Ingredients,Excipients,Raw Materials,1761,75.49,132937.89,2025-01-09,24,2025-02-02,Yes,Facility C - Puerto Rico,Ireland
PO-11013,ChemPro Solutions,Sterile Syringes,Medical Devices,1368,2.33,3187.44,2025-01-09,19,2025-01-26,Yes,"Facility B - Indianapolis, IN",India
PO-10739,Vertex Bio Supply,Active Pharmaceutical Ingredient (API),Raw Materials,95,390.04,37053.8,2025-01-10,51,2025-03-03,Yes,"Facility D - Cork, Ireland",India
PO-10228,Meridian Chem Group,Blister Packs,Packaging,1897,6.73,12766.81,2025-01-11,11,2025-01-23,Yes,"Facility D - Cork, Ireland",China
PO-10452,PurePharm Supply Co,Stainless Steel Components,Manufacturing Consumables,1533,330.4,506503.2,2025-01-11,47,2025-02-28,Yes,Facility E - Singapore,USA
PO-11011,PurePharm Supply Co,Lab Reagents,Lab Supplies,775,124.76,96689.0,2025-01-12,24,2025-02-04,Yes,Facility C - Puerto Rico,USA
PO-10248,MedSource Industries,Blister Packs,Packaging,1126,6.83,7690.58,2025-01-12,9,2025-01-19,Yes,"Facility B - Indianapolis, IN",USA
PO-11090,PurePharm Supply Co,Sterile Syringes,Medical Devices,1329,2.95,3920.55,2025-01-13,18,2025-01-29,Yes,"Facility D - Cork, Ireland",USA
PO-10259,NovaChem Ltd,Glass Vials,Packaging,1314,3.38,4441.32,2025-01-13,16,2025-02-03,No,"Facility B - Indianapolis, IN",China
PO-10821,PurePharm Supply Co,Filtration Media,Manufacturing Consumables,1188,71.91,85429.08,2025-01-15,22,2025-02-07,Yes,"Facility A - New Brunswick, NJ",USA
PO-10148,Apex Pharma Materials,Lab Reagents,Lab Supplies,291,127.54,37114.14,2025-01-15,21,2025-02-04,Yes,"Facility A - New Brunswick, NJ",Switzerland
PO-10181,NovaChem Ltd,Active Pharmaceutical Ingredient (API),Raw Materials,1307,364.31,476153.17,2025-01-15,54,2025-03-10,Yes,"Facility A - New Brunswick, NJ",China
PO-10145,PurePharm Supply Co,Glass Vials,Packaging,245,5.78,1416.1,2025-01-16,15,2025-02-02,Yes,"Facility B - Indianapolis, IN",USA
PO-10433,MedSource Industries,Glass Vials,Packaging,3618,5.23,18922.14,2025-01-20,14,2025-02-02,Yes,Facility E - Singapore,USA
PO-10610,BioSupply Partners,Sterile Syringes,Medical Devices,634,2.95,1870.3,2025-01-20,20,2025-02-11,Yes,"Facility D - Cork, Ireland",Germany
PO-10494,Vertex Bio Supply,Lab Reagents,Lab Supplies,120,95.35,11442.0,2025-01-20,18,2025-02-09,Yes,"Facility D - Cork, Ireland",India
PO-10187,GlobalMed Ingredients,Lab Reagents,Lab Supplies,1974,104.45,206184.3,2025-01-20,21,2025-02-12,Yes,Facility E - Singapore,Ireland
PO-10906,Apex Pharma Materials,Active Pharmaceutical Ingredient (API),Raw Materials,1849,520.69,962755.81,2025-01-21,44,2025-03-05,Yes,"Facility D - Cork, Ireland",Switzerland
PO-10015,ChemPro Solutions,Active Pharmaceutical Ingredient (API),Raw Materials,1317,381.2,502040.4,2025-01-21,44,2025-03-04,Yes,"Facility A - New Brunswick, NJ",India
PO-10050,MedSource Industries,Sterile Syringes,Medical Devices,2420,3.16,7647.2,2025-01-21,23,2025-02-11,Yes,"Facility D - Cork, Ireland",USA
PO-10489,PurePharm Supply Co,Stainless Steel Components,Manufacturing Consumables,730,336.15,245389.5,2025-01-21,33,2025-02-24,Yes,"Facility A - New Brunswick, NJ",USA
PO-10407,Meridian Chem Group,Blister Packs,Packaging,492,6.46,3178.32,2025-01-22,9,2025-02-02,Yes,"Facility D - Cork, Ireland",China
PO-11153,Apex Pharma Materials,Sterile Syringes,Medical Devices,2960,3.34,9886.4,2025-01-23,18,2025-02-10,Yes,"Facility B - Indianapolis, IN",Switzerland
PO-11012,Vertex Bio Supply,Glass Vials,Packaging,796,4.29,3414.84,2025-01-23,16,2025-02-14,No,Facility C - Puerto Rico,India
PO-10141,ChemPro Solutions,Filtration Media,Manufacturing Consumables,770,52.83,40679.1,2025-01-24,23,2025-02-14,Yes,"Facility D - Cork, Ireland",India
PO-10287,NovaChem Ltd,Blister Packs,Packaging,1144,5.43,6211.92,2025-01-25,9,2025-02-05,Yes,"Facility A - New Brunswick, NJ",China
PO-10509,NovaChem Ltd,Packaging Film,Packaging,407,10.49,4269.43,2025-01-25,5,2025-01-30,Yes,"Facility B - Indianapolis, IN",China
PO-10673,GlobalMed Ingredients,Blister Packs,Packaging,3293,7.98,26278.14,2025-01-26,16,2025-02-10,Yes,"Facility D - Cork, Ireland",Ireland
PO-10137,NovaChem Ltd,Cold Chain Packaging,Packaging,179,17.89,3202.31,2025-01-26,17,2025-02-13,Yes,"Facility A - New Brunswick, NJ",China
PO-10749,GlobalMed Ingredients,Blister Packs,Packaging,404,9.16,3700.64,2025-01-27,10,2025-02-08,Yes,"Facility D - Cork, Ireland",Ireland
PO-10727,Apex Pharma Materials,Cold Chain Packaging,Packaging,2923,28.61,83627.03,2025-01-30,14,2025-02-13,Yes,"Facility B - Indianapolis, IN",Switzerland
PO-10645,PharmaCorp Global,Filtration Media,Manufacturing Consumables,1489,64.16,95534.24,2025-01-30,35,2025-03-08,Yes,"Facility B - Indianapolis, IN",USA
PO-10236,BioSupply Partners,Cold Chain Packaging,Packaging,2661,24.88,66205.68,2025-02-01,21,2025-02-24,Yes,Facility E - Singapore,Germany
PO-10637,PharmaCorp Global,Filtration Media,Manufacturing Consumables,1626,77.47,125966.22,2025-02-01,40,2025-03-15,Yes,"Facility B - Indianapolis, IN",USA
PO-10854,PharmaCorp Global,Glass Vials,Packaging,1830,6.02,11016.6,2025-02-01,16,2025-02-16,Yes,Facility C - Puerto Rico,USA
PO-10023,MedSource Industries,Excipients,Raw Materials,2737,83.39,228238.43,2025-02-01,26,2025-02-28,Yes,Facility C - Puerto Rico,USA
PO-10547,BioSupply Partners,Sterile Syringes,Medical Devices,503,3.09,1554.27,2025-02-02,19,2025-02-22,Yes,"Facility D - Cork, Ireland",Germany
PO-10355,BioSupply Partners,Filtration Media,Manufacturing Consumables,423,65.35,27643.05,2025-02-03,33,2025-03-08,Yes,Facility E - Singapore,Germany
PO-11170,PharmaCorp Global,Glass Vials,Packaging,1235,5.75,7101.25,2025-02-03,17,2025-02-22,Yes,"Facility D - Cork, Ireland",USA
PO-10342,Apex Pharma Materials,Filtration Media,Manufacturing Consumables,1993,66.17,131876.81,2025-02-04,19,2025-02-25,Yes,"Facility B - Indianapolis, IN",Switzerland
PO-10060,NovaChem Ltd,Lab Reagents,Lab Supplies,866,102.64,88886.24,2025-02-04,22,2025-02-28,Yes,Facility E - Singapore,China
PO-10536,MedSource Industries,Glass Vials,Packaging,1125,5.01,5636.25,2025-02-05,10,2025-02-16,Yes,Facility E - Singapore,USA
PO-10112,GlobalMed Ingredients,Excipients,Raw Materials,993,70.7,70205.1,2025-02-05,30,2025-03-07,Yes,"Facility D - Cork, Ireland",Ireland
PO-10962,Meridian Chem Group,Filtration Media,Manufacturing Consumables,3916,50.42,197444.72,2025-02-05,25,2025-03-01,Yes,"Facility B - Indianapolis, IN",China
PO-10016,PharmaCorp Global,Excipients,Raw Materials,761,94.29,71754.69,2025-02-06,20,2025-02-28,Yes,"Facility D - Cork, Ireland",USA
PO-10518,MedSource Industries,Active Pharmaceutical Ingredient (API),Raw Materials,3225,500.81,1615112.25,2025-02-07,37,2025-03-16,Yes,"Facility D - Cork, Ireland",USA
PO-10303,ChemPro Solutions,Blister Packs,Packaging,3324,5.81,19312.44,2025-02-07,8,2025-02-14,Yes,Facility C - Puerto Rico,India
PO-11140,Vertex Bio Supply,Lab Reagents,Lab Supplies,2757,90.4,249232.8,2025-02-08,24,2025-03-06,Yes,"Facility D - Cork, Ireland",India
PO-10742,MedSource Industries,Blister Packs,Packaging,372,7.29,2711.88,2025-02-08,16,2025-02-22,Yes,Facility C - Puerto Rico,USA
PO-10106,NovaChem Ltd,Excipients,Raw Materials,3009,68.17,205123.53,2025-02-09,15,2025-02-25,Yes,Facility C - Puerto Rico,China
PO-10314,Vertex Bio Supply,Stainless Steel Components,Manufacturing Consumables,999,268.4,268131.6,2025-02-10,31,2025-03-15,Yes,"Facility A - New Brunswick, NJ",India
PO-11129,ChemPro Solutions,Filtration Media,Manufacturing Consumables,1611,57.5,92632.5,2025-02-10,15,2025-02-25,Yes,"Facility D - Cork, Ireland",India
PO-10949,NovaChem Ltd,Lab Reagents,Lab Supplies,2305,77.55,178752.75,2025-02-10,22,2025-03-05,Yes,"Facility D - Cork, Ireland",China
PO-10200,NovaChem Ltd,Lab Reagents,Lab Supplies,1790,82.26,147245.4,2025-02-10,15,2025-03-12,No,Facility C - Puerto Rico,China
PO-11010,Apex Pharma Materials,Excipients,Raw Materials,724,90.76,65710.24,2025-02-11,19,2025-03-01,Yes,"Facility B - Indianapolis, IN",Switzerland
PO-10029,Vertex Bio Supply,Lab Reagents,Lab Supplies,356,107.55,38287.8,2025-02-11,13,2025-03-05,No,"Facility A - New Brunswick, NJ",India
PO-10856,MedSource Industries,Filtration Media,Manufacturing Consumables,974,69.95,68131.3,2025-02-12,24,2025-03-08,Yes,"Facility B - Indianapolis, IN",USA
PO-10568,Vertex Bio Supply,Stainless Steel Components,Manufacturing Consumables,698,280.44,195747.12,2025-02-12,24,2025-03-12,No,Facility C - Puerto Rico,India
PO-10539,Vertex Bio Supply,Stainless Steel Components,Manufacturing Consumables,856,249.49,213563.44,2025-02-13,20,2025-03-04,Yes,Facility C - Puerto Rico,India
PO-10753,PurePharm Supply Co,Lab Reagents,Lab Supplies,654,135.65,88715.1,2025-02-15,18,2025-03-09,No,Facility C - Puerto Rico,USA
PO-11134,ChemPro Solutions,Sterile Syringes,Medical Devices,1308,2.26,2956.08,2025-02-16,21,2025-03-08,Yes,"Facility B - Indianapolis, IN",India
PO-10341,GlobalMed Ingredients,Lab Reagents,Lab Supplies,3456,116.7,403315.2,2025-02-17,18,2025-03-05,Yes,Facility E - Singapore,Ireland
PO-10348,PharmaCorp Global,Active Pharmaceutical Ingredient (API),Raw Materials,1814,527.16,956268.24,2025-02-19,54,2025-04-12,Yes,"Facility D - Cork, Ireland",USA
PO-10414,Meridian Chem Group,Active Pharmaceutical Ingredient (API),Raw Materials,507,320.56,162523.92,2025-02-19,58,2025-04-18,Yes,"Facility A - New Brunswick, NJ",China
PO-10767,PharmaCorp Global,Active Pharmaceutical Ingredient (API),Raw Materials,3164,421.54,1333752.56,2025-02-20,66,2025-04-25,Yes,"Facility A - New Brunswick, NJ",USA
PO-10930,PurePharm Supply Co,Blister Packs,Packaging,2865,8.83,25297.95,2025-02-21,11,2025-03-05,Yes,"Facility B - Indianapolis, IN",USA
PO-11166,MedSource Industries,Glass Vials,Packaging,1363,4.48,6106.24,2025-02-22,13,2025-03-05,Yes,Facility E - Singapore,USA
PO-10254,Apex Pharma Materials,Filtration Media,Manufacturing Consumables,564,78.02,44003.28,2025-02-22,22,2025-03-16,Yes,Facility C - Puerto Rico,Switzerland
PO-10575,Vertex Bio Supply,Stainless Steel Components,Manufacturing Consumables,1577,256.66,404752.82,2025-02-23,31,2025-03-26,Yes,"Facility A - New Brunswick, NJ",India
PO-10335,Apex Pharma Materials,Excipients,Raw Materials,373,90.0,33570.0,2025-02-23,23,2025-03-18,Yes,Facility E - Singapore,Switzerland
PO-10664,BioSupply Partners,Active Pharmaceutical Ingredient (API),Raw Materials,1104,513.92,567367.68,2025-02-24,28,2025-03-25,Yes,"Facility A - New Brunswick, NJ",Germany
PO-10446,ChemPro Solutions,Lab Reagents,Lab Supplies,2673,108.72,290608.56,2025-02-24,21,2025-03-15,Yes,Facility E - Singapore,India
PO-10701,NovaChem Ltd,Packaging Film,Packaging,1327,12.01,15937.27,2025-02-25,7,2025-03-03,Yes,"Facility B - Indianapolis, IN",China
PO-10883,MedSource Industries,Sterile Syringes,Medical Devices,417,2.94,1225.98,2025-02-26,22,2025-03-20,Yes,"Facility D - Cork, Ireland",USA
PO-10515,Meridian Chem Group,Cold Chain Packaging,Packaging,348,15.0,5220.0,2025-02-27,16,2025-03-13,Yes,"Facility A - New Brunswick, NJ",China
PO-10549,BioSupply Partners,Cold Chain Packaging,Packaging,3282,26.53,87071.46,2025-02-28,12,2025-03-13,Yes,"Facility D - Cork, Ireland",Germany
PO-10368,GlobalMed Ingredients,Lab Reagents,Lab Supplies,1997,122.41,244452.77,2025-02-28,17,2025-03-15,Yes,"Facility A - New Brunswick, NJ",Ireland
PO-10216,GlobalMed Ingredients,Lab Reagents,Lab Supplies,1605,138.44,222196.2,2025-03-01,18,2025-03-17,Yes,Facility E - Singapore,Ireland
PO-10162,Apex Pharma Materials,Glass Vials,Packaging,3334,6.13,20437.42,2025-03-02,17,2025-03-19,Yes,Facility E - Singapore,Switzerland
PO-10172,NovaChem Ltd,Cold Chain Packaging,Packaging,531,17.34,9207.54,2025-03-03,21,2025-03-26,Yes,"Facility B - Indianapolis, IN",China
PO-11107,PurePharm Supply Co,Filtration Media,Manufacturing Consumables,1388,63.19,87707.72,2025-03-04,37,2025-04-08,Yes,"Facility D - Cork, Ireland",USA
PO-10476,PharmaCorp Global,Glass Vials,Packaging,2025,4.77,9659.25,2025-03-04,5,2025-03-09,Yes,"Facility B - Indianapolis, IN",USA
PO-10975,PurePharm Supply Co,Filtration Media,Manufacturing Consumables,2437,66.08,161036.96,2025-03-06,28,2025-04-03,Yes,"Facility A - New Brunswick, NJ",USA
PO-10419,MedSource Industries,Packaging Film,Packaging,1409,15.97,22501.73,2025-03-06,8,2025-03-13,Yes,"Facility D - Cork, Ireland",USA
PO-10622,NovaChem Ltd,Packaging Film,Packaging,459,12.89,5916.51,2025-03-07,13,2025-03-18,Yes,"Facility D - Cork, Ireland",China
PO-10350,BioSupply Partners,Packaging Film,Packaging,665,18.33,12189.45,2025-03-10,9,2025-03-18,Yes,"Facility D - Cork, Ireland",Germany
PO-11076,Meridian Chem Group,Blister Packs,Packaging,2441,6.2,15134.2,2025-03-11,16,2025-04-04,No,"Facility B - Indianapolis, IN",China
PO-10359,PharmaCorp Global,Blister Packs,Packaging,536,7.81,4186.16,2025-03-12,14,2025-03-27,Yes,"Facility D - Cork, Ireland",USA
PO-10885,Vertex Bio Supply,Glass Vials,Packaging,425,4.66,1980.5,2025-03-12,23,2025-04-06,Yes,Facility E - Singapore,India
PO-10802,Vertex Bio Supply,Filtration Media,Manufacturing Consumables,1877,48.68,91372.36,2025-03-12,17,2025-03-27,Yes,Facility C - Puerto Rico,India
PO-10670,PurePharm Supply Co,Cold Chain Packaging,Packaging,1356,26.93,36517.08,2025-03-14,15,2025-03-28,Yes,Facility E - Singapore,USA
PO-11138,Vertex Bio Supply,Packaging Film,Packaging,186,11.39,2118.54,2025-03-14,12,2025-03-27,Yes,"Facility B - Indianapolis, IN",India
PO-10118,Apex Pharma Materials,Blister Packs,Packaging,613,8.97,5498.61,2025-03-15,12,2025-03-31,No,"Facility A - New Brunswick, NJ",Switzerland
PO-10215,NovaChem Ltd,Cold Chain Packaging,Packaging,860,18.51,15918.6,2025-03-16,13,2025-03-28,Yes,"Facility A - New Brunswick, NJ",China
PO-10425,ChemPro Solutions,Cold Chain Packaging,Packaging,905,18.51,16751.55,2025-03-16,9,2025-03-26,Yes,"Facility B - Indianapolis, IN",India
PO-10464,Vertex Bio Supply,Filtration Media,Manufacturing Consumables,2619,45.37,118824.03,2025-03-16,11,2025-03-27,Yes,"Facility A - New Brunswick, NJ",India
PO-10037,Meridian Chem Group,Lab Reagents,Lab Supplies,928,97.13,90136.64,2025-03-17,18,2025-04-06,Yes,Facility E - Singapore,China
PO-11082,PharmaCorp Global,Lab Reagents,Lab Supplies,2859,136.55,390396.45,2025-03-17,15,2025-04-01,Yes,"Facility D - Cork, Ireland",USA
PO-11099,Apex Pharma Materials,Glass Vials,Packaging,934,5.51,5146.34,2025-03-18,23,2025-04-10,Yes,"Facility D - Cork, Ireland",Switzerland
PO-10095,PurePharm Supply Co,Active Pharmaceutical Ingredient (API),Raw Materials,1262,450.12,568051.44,2025-03-18,73,2025-06-01,Yes,Facility C - Puerto Rico,USA
PO-10743,ChemPro Solutions,Active Pharmaceutical Ingredient (API),Raw Materials,447,320.63,143321.61,2025-03-18,45,2025-05-13,No,"Facility B - Indianapolis, IN",India
PO-10665,PharmaCorp Global,Glass Vials,Packaging,358,4.96,1775.68,2025-03-19,16,2025-04-06,Yes,"Facility B - Indianapolis, IN",USA
PO-10356,Meridian Chem Group,Glass Vials,Packaging,1480,3.67,5431.6,2025-03-20,19,2025-04-08,Yes,"Facility A - New Brunswick, NJ",China
PO-10715,ChemPro Solutions,Blister Packs,Packaging,1005,7.11,7145.55,2025-03-21,14,2025-04-05,Yes,Facility C - Puerto Rico,India
PO-10963,Apex Pharma Materials,Stainless Steel Components,Manufacturing Consumables,2212,336.71,744802.52,2025-03-21,20,2025-04-08,Yes,"Facility B - Indianapolis, IN",Switzerland
PO-10924,Meridian Chem Group,Blister Packs,Packaging,1421,6.75,9591.75,2025-03-22,15,2025-04-08,Yes,"Facility B - Indianapolis, IN",China
PO-10035,NovaChem Ltd,Cold Chain Packaging,Packaging,409,17.68,7231.12,2025-03-22,17,2025-04-10,Yes,Facility C - Puerto Rico,China
PO-10590,PurePharm Supply Co,Stainless Steel Components,Manufacturing Consumables,4483,300.11,1345393.13,2025-03-23,29,2025-04-20,Yes,"Facility B - Indianapolis, IN",USA
PO-10177,NovaChem Ltd,Glass Vials,Packaging,505,3.29,1661.45,2025-03-24,11,2025-04-05,Yes,"Facility B - Indianapolis, IN",China
PO-10690,NovaChem Ltd,Excipients,Raw Materials,218,64.5,14061.0,2025-03-24,32,2025-04-24,Yes,"Facility A - New Brunswick, NJ",China
PO-10365,Apex Pharma Materials,Sterile Syringes,Medical Devices,757,3.69,2793.33,2025-03-25,19,2025-04-13,Yes,"Facility A - New Brunswick, NJ",Switzerland
PO-10297,Apex Pharma Materials,Cold Chain Packaging,Packaging,651,24.5,15949.5,2025-03-25,18,2025-04-22,No,Facility E - Singapore,Switzerland
PO-10814,BioSupply Partners,Excipients,Raw Materials,431,91.4,39393.4,2025-03-25,18,2025-04-12,Yes,"Facility A - New Brunswick, NJ",Germany
PO-10786,Apex Pharma Materials,Sterile Syringes,Medical Devices,251,3.83,961.33,2025-03-26,17,2025-04-14,Yes,Facility C - Puerto Rico,Switzerland
PO-10316,GlobalMed Ingredients,Active Pharmaceutical Ingredient (API),Raw Materials,1153,443.47,511320.91,2025-03-27,22,2025-04-18,Yes,Facility C - Puerto Rico,Ireland
PO-10507,ChemPro Solutions,Sterile Syringes,Medical Devices,1389,2.67,3708.63,2025-03-27,21,2025-04-17,Yes,"Facility B - Indianapolis, IN",India
PO-10123,NovaChem Ltd,Stainless Steel Components,Manufacturing Consumables,1136,194.54,220997.44,2025-03-29,42,2025-05-09,Yes,Facility C - Puerto Rico,China
PO-10686,GlobalMed Ingredients,Stainless Steel Components,Manufacturing Consumables,1436,337.72,484965.92,2025-03-30,46,2025-05-13,Yes,Facility C - Puerto Rico,Ireland
PO-10241,NovaChem Ltd,Stainless Steel Components,Manufacturing Consumables,1254,234.42,293962.68,2025-03-30,40,2025-05-10,Yes,"Facility D - Cork, Ireland",China
PO-10699,PharmaCorp Global,Glass Vials,Packaging,988,5.63,5562.44,2025-03-30,14,2025-04-14,Yes,"Facility A - New Brunswick, NJ",USA
PO-10004,MedSource Industries,Sterile Syringes,Medical Devices,804,2.89,2323.56,2025-03-30,18,2025-04-17,Yes,"Facility A - New Brunswick, NJ",USA
PO-10848,PharmaCorp Global,Blister Packs,Packaging,767,7.22,5537.74,2025-03-31,10,2025-04-08,Yes,"Facility D - Cork, Ireland",USA
PO-11195,PharmaCorp Global,Glass Vials,Packaging,1046,5.4,5648.4,2025-03-31,14,2025-04-15,Yes,Facility C - Puerto Rico,USA
PO-11040,GlobalMed Ingredients,Cold Chain Packaging,Packaging,2776,19.6,54409.6,2025-03-31,14,2025-04-16,Yes,Facility E - Singapore,Ireland
PO-10176,PurePharm Supply Co,Lab Reagents,Lab Supplies,3019,134.41,405783.79,2025-03-31,18,2025-04-16,Yes,Facility E - Singapore,USA
PO-11142,MedSource Industries,Excipients,Raw Materials,967,86.8,83935.6,2025-04-03,16,2025-04-17,Yes,"Facility D - Cork, Ireland",USA
PO-10776,ChemPro Solutions,Blister Packs,Packaging,2085,7.08,14761.8,2025-04-03,9,2025-04-12,Yes,"Facility B - Indianapolis, IN",India
PO-10170,MedSource Industries,Packaging Film,Packaging,3913,14.46,56581.98,2025-04-03,12,2025-05-01,No,Facility C - Puerto Rico,USA
PO-10130,PharmaCorp Global,Lab Reagents,Lab Supplies,1762,138.05,243244.1,2025-04-03,15,2025-04-20,Yes,"Facility D - Cork, Ireland",USA
PO-10970,Apex Pharma Materials,Excipients,Raw Materials,2122,103.78,220221.16,2025-04-04,21,2025-04-25,Yes,Facility C - Puerto Rico,Switzerland
PO-10001,MedSource Industries,Stainless Steel Components,Manufacturing Consumables,904,266.08,240536.32,2025-04-04,39,2025-05-15,Yes,"Facility D - Cork, Ireland",USA
PO-10720,PharmaCorp Global,Glass Vials,Packaging,2238,5.74,12846.12,2025-04-04,15,2025-04-19,Yes,"Facility B - Indianapolis, IN",USA
PO-10606,PharmaCorp Global,Glass Vials,Packaging,1205,5.46,6579.3,2025-04-06,14,2025-04-19,Yes,Facility E - Singapore,USA
PO-10436,MedSource Industries,Lab Reagents,Lab Supplies,614,122.32,75104.48,2025-04-06,14,2025-04-21,Yes,"Facility A - New Brunswick, NJ",USA
PO-10608,MedSource Industries,Sterile Syringes,Medical Devices,826,2.73,2254.98,2025-04-06,14,2025-04-19,Yes,"Facility D - Cork, Ireland",USA
PO-10901,PharmaCorp Global,Blister Packs,Packaging,2625,9.64,25305.0,2025-04-08,12,2025-04-22,Yes,"Facility A - New Brunswick, NJ",USA
PO-10846,ChemPro Solutions,Stainless Steel Components,Manufacturing Consumables,5289,208.28,1101592.92,2025-04-10,45,2025-06-10,No,Facility C - Puerto Rico,India
PO-11148,GlobalMed Ingredients,Stainless Steel Components,Manufacturing Consumables,1077,287.08,309185.16,2025-04-10,23,2025-05-04,Yes,"Facility B - Indianapolis, IN",Ireland
PO-11154,MedSource Industries,Lab Reagents,Lab Supplies,495,133.35,66008.25,2025-04-11,20,2025-05-02,Yes,"Facility B - Indianapolis, IN",USA
PO-10784,BioSupply Partners,Blister Packs,Packaging,3147,9.01,28354.47,2025-04-11,11,2025-04-20,Yes,"Facility D - Cork, Ireland",Germany
PO-10555,BioSupply Partners,Excipients,Raw Materials,1892,89.95,170185.4,2025-04-12,19,2025-05-02,Yes,Facility E - Singapore,Germany
PO-10324,MedSource Industries,Lab Reagents,Lab Supplies,1775,106.66,189321.5,2025-04-12,18,2025-04-30,Yes,"Facility A - New Brunswick, NJ",USA
PO-10531,Vertex Bio Supply,Cold Chain Packaging,Packaging,274,19.27,5279.98,2025-04-13,11,2025-05-04,No,"Facility D - Cork, Ireland",India
PO-11020,PharmaCorp Global,Lab Reagents,Lab Supplies,1106,121.76,134666.56,2025-04-14,24,2025-05-07,Yes,"Facility D - Cork, Ireland",USA
PO-10653,PurePharm Supply Co,Filtration Media,Manufacturing Consumables,1752,79.05,138495.6,2025-04-14,30,2025-05-14,Yes,"Facility B - Indianapolis, IN",USA
PO-10030,ChemPro Solutions,Glass Vials,Packaging,3234,4.47,14455.98,2025-04-15,18,2025-05-02,Yes,"Facility B - Indianapolis, IN",India
PO-10583,Meridian Chem Group,Sterile Syringes,Medical Devices,799,2.26,1805.74,2025-04-15,17,2025-05-19,No,"Facility B - Indianapolis, IN",China
PO-10657,Meridian Chem Group,Glass Vials,Packaging,4090,3.73,15255.7,2025-04-15,15,2025-05-18,No,Facility C - Puerto Rico,China
PO-10797,Apex Pharma Materials,Cold Chain Packaging,Packaging,1369,27.66,37866.54,2025-04-16,9,2025-04-27,Yes,"Facility A - New Brunswick, NJ",Switzerland
PO-10795,PharmaCorp Global,Blister Packs,Packaging,803,8.13,6528.39,2025-04-17,15,2025-05-02,Yes,"Facility D - Cork, Ireland",USA
PO-11100,GlobalMed Ingredients,Sterile Syringes,Medical Devices,2034,2.85,5796.9,2025-04-17,22,2025-05-07,Yes,"Facility A - New Brunswick, NJ",Ireland
PO-10022,PharmaCorp Global,Stainless Steel Components,Manufacturing Consumables,2127,302.93,644332.11,2025-04-17,44,2025-06-02,Yes,"Facility B - Indianapolis, IN",USA
PO-10576,Vertex Bio Supply,Excipients,Raw Materials,1312,69.41,91065.92,2025-04-18,19,2025-05-07,Yes,Facility C - Puerto Rico,India
PO-10779,PharmaCorp Global,Filtration Media,Manufacturing Consumables,1223,69.0,84387.0,2025-04-20,25,2025-05-15,Yes,"Facility A - New Brunswick, NJ",USA
PO-10263,MedSource Industries,Lab Reagents,Lab Supplies,2798,127.85,357724.3,2025-04-20,18,2025-05-09,Yes,"Facility A - New Brunswick, NJ",USA
PO-10104,GlobalMed Ingredients,Sterile Syringes,Medical Devices,2627,2.99,7854.73,2025-04-20,17,2025-05-07,Yes,"Facility A - New Brunswick, NJ",Ireland
PO-10005,ChemPro Solutions,Excipients,Raw Materials,407,64.9,26414.3,2025-04-21,25,2025-05-30,No,"Facility B - Indianapolis, IN",India
PO-10174,MedSource Industries,Filtration Media,Manufacturing Consumables,729,72.45,52816.05,2025-04-21,24,2025-05-13,Yes,"Facility B - Indianapolis, IN",USA
PO-11091,Vertex Bio Supply,Packaging Film,Packaging,3579,11.03,39476.37,2025-04-22,13,2025-05-05,Yes,Facility C - Puerto Rico,India
PO-10451,MedSource Industries,Glass Vials,Packaging,640,4.98,3187.2,2025-04-22,17,2025-05-11,Yes,Facility C - Puerto Rico,USA
PO-11115,PharmaCorp Global,Blister Packs,Packaging,377,9.16,3453.32,2025-04-22,13,2025-05-03,Yes,"Facility A - New Brunswick, NJ",USA
PO-10519,Vertex Bio Supply,Blister Packs,Packaging,4539,6.8,30865.2,2025-04-24,11,2025-05-04,Yes,"Facility A - New Brunswick, NJ",India
PO-10651,ChemPro Solutions,Excipients,Raw Materials,1495,65.8,98371.0,2025-04-24,16,2025-05-09,Yes,Facility E - Singapore,India
PO-10822,BioSupply Partners,Lab Reagents,Lab Supplies,333,141.69,47182.77,2025-04-25,21,2025-05-16,Yes,"Facility B - Indianapolis, IN",Germany
PO-10025,NovaChem Ltd,Stainless Steel Components,Manufacturing Consumables,3013,230.19,693562.47,2025-04-25,39,2025-06-05,Yes,Facility C - Puerto Rico,China
PO-10791,PharmaCorp Global,Stainless Steel Components,Manufacturing Consumables,1518,293.85,446064.3,2025-04-26,12,2025-05-06,Yes,"Facility D - Cork, Ireland",USA
PO-10598,PharmaCorp Global,Sterile Syringes,Medical Devices,874,3.61,3155.14,2025-04-26,10,2025-05-05,Yes,"Facility B - Indianapolis, IN",USA
PO-10326,GlobalMed Ingredients,Filtration Media,Manufacturing Consumables,1216,65.47,79611.52,2025-04-27,20,2025-05-19,Yes,"Facility B - Indianapolis, IN",Ireland
PO-10186,GlobalMed Ingredients,Glass Vials,Packaging,1906,5.44,10368.64,2025-04-29,11,2025-05-12,Yes,Facility C - Puerto Rico,Ireland
PO-10914,GlobalMed Ingredients,Filtration Media,Manufacturing Consumables,625,66.97,41856.25,2025-04-29,22,2025-06-05,No,Facility E - Singapore,Ireland
PO-10692,ChemPro Solutions,Lab Reagents,Lab Supplies,839,97.73,81995.47,2025-04-29,23,2025-05-20,Yes,"Facility D - Cork, Ireland",India
PO-10019,ChemPro Solutions,Packaging Film,Packaging,2476,10.55,26121.8,2025-05-03,11,2025-05-13,Yes,"Facility A - New Brunswick, NJ",India
PO-11127,BioSupply Partners,Active Pharmaceutical Ingredient (API),Raw Materials,1237,528.1,653259.7,2025-05-03,35,2025-06-06,Yes,"Facility B - Indianapolis, IN",Germany
PO-10453,BioSupply Partners,Glass Vials,Packaging,1904,5.55,10567.2,2025-05-03,23,2025-05-26,Yes,"Facility B - Indianapolis, IN",Germany
PO-10028,NovaChem Ltd,Sterile Syringes,Medical Devices,2102,2.08,4372.16,2025-05-04,14,2025-06-06,No,"Facility A - New Brunswick, NJ",China
PO-10898,GlobalMed Ingredients,Blister Packs,Packaging,2341,7.2,16855.2,2025-05-04,11,2025-05-17,Yes,"Facility A - New Brunswick, NJ",Ireland
PO-10008,PurePharm Supply Co,Active Pharmaceutical Ingredient (API),Raw Materials,2029,525.55,1066340.95,2025-05-04,54,2025-06-25,Yes,"Facility D - Cork, Ireland",USA
PO-10485,BioSupply Partners,Stainless Steel Components,Manufacturing Consumables,2288,365.74,836813.12,2025-05-06,21,2025-05-27,Yes,"Facility B - Indianapolis, IN",Germany
PO-10886,Meridian Chem Group,Filtration Media,Manufacturing Consumables,1628,44.11,71811.08,2025-05-06,26,2025-05-30,Yes,"Facility D - Cork, Ireland",China
PO-10596,PharmaCorp Global,Active Pharmaceutical Ingredient (API),Raw Materials,2096,432.49,906499.04,2025-05-06,37,2025-06-14,Yes,"Facility A - New Brunswick, NJ",USA
PO-10506,BioSupply Partners,Active Pharmaceutical Ingredient (API),Raw Materials,906,558.38,505892.28,2025-05-06,36,2025-06-12,Yes,"Facility A - New Brunswick, NJ",Germany
PO-10390,Meridian Chem Group,Blister Packs,Packaging,2257,5.43,12255.51,2025-05-07,12,2025-05-29,No,"Facility A - New Brunswick, NJ",China
PO-10114,NovaChem Ltd,Cold Chain Packaging,Packaging,175,16.6,2905.0,2025-05-07,9,2025-05-15,Yes,"Facility B - Indianapolis, IN",China
PO-11199,MedSource Industries,Packaging Film,Packaging,3184,13.87,44162.08,2025-05-07,13,2025-05-19,Yes,Facility C - Puerto Rico,USA
PO-10974,NovaChem Ltd,Packaging Film,Packaging,2925,10.03,29337.75,2025-05-08,9,2025-05-19,Yes,"Facility A - New Brunswick, NJ",China
PO-10101,Vertex Bio Supply,Filtration Media,Manufacturing Consumables,50,55.62,2781.0,2025-05-08,25,2025-06-04,Yes,Facility C - Puerto Rico,India
PO-10219,MedSource Industries,Sterile Syringes,Medical Devices,3439,3.04,10454.56,2025-05-08,21,2025-05-27,Yes,"Facility B - Indianapolis, IN",USA
PO-11023,Apex Pharma Materials,Sterile Syringes,Medical Devices,297,3.48,1033.56,2025-05-09,21,2025-06-01,Yes,"Facility D - Cork, Ireland",Switzerland
PO-11163,NovaChem Ltd,Stainless Steel Components,Manufacturing Consumables,2286,249.69,570791.34,2025-05-10,42,2025-07-03,No,"Facility D - Cork, Ireland",China
PO-10943,Vertex Bio Supply,Cold Chain Packaging,Packaging,227,18.54,4208.58,2025-05-10,11,2025-05-23,Yes,"Facility A - New Brunswick, NJ",India
PO-10766,Apex Pharma Materials,Sterile Syringes,Medical Devices,1441,3.38,4870.58,2025-05-12,21,2025-06-04,Yes,"Facility D - Cork, Ireland",Switzerland
PO-11080,ChemPro Solutions,Packaging Film,Packaging,1841,10.27,18907.07,2025-05-12,8,2025-05-22,Yes,"Facility D - Cork, Ireland",India
PO-10265,NovaChem Ltd,Active Pharmaceutical Ingredient (API),Raw Materials,200,379.9,75980.0,2025-05-13,66,2025-07-18,Yes,Facility E - Singapore,China
PO-11098,GlobalMed Ingredients,Lab Reagents,Lab Supplies,3921,114.8,450130.8,2025-05-14,17,2025-05-30,Yes,"Facility D - Cork, Ireland",Ireland
PO-10942,Meridian Chem Group,Lab Reagents,Lab Supplies,1239,96.67,119774.13,2025-05-16,18,2025-06-02,Yes,Facility E - Singapore,China
PO-10825,ChemPro Solutions,Cold Chain Packaging,Packaging,1180,15.62,18431.6,2025-05-16,21,2025-06-04,Yes,"Facility A - New Brunswick, NJ",India
PO-10010,BioSupply Partners,Active Pharmaceutical Ingredient (API),Raw Materials,1700,537.53,913801.0,2025-05-17,44,2025-06-30,Yes,"Facility A - New Brunswick, NJ",Germany
PO-10553,BioSupply Partners,Lab Reagents,Lab Supplies,1664,149.06,248035.84,2025-05-17,13,2025-05-31,Yes,"Facility D - Cork, Ireland",Germany
PO-11095,Apex Pharma Materials,Stainless Steel Components,Manufacturing Consumables,545,358.06,195142.7,2025-05-18,20,2025-06-08,Yes,"Facility A - New Brunswick, NJ",Switzerland
PO-10361,Apex Pharma Materials,Stainless Steel Components,Manufacturing Consumables,1756,314.06,551489.36,2025-05-18,39,2025-06-28,Yes,Facility E - Singapore,Switzerland
PO-10711,PharmaCorp Global,Excipients,Raw Materials,1155,94.92,109632.6,2025-05-18,26,2025-06-14,Yes,Facility E - Singapore,USA
PO-10311,BioSupply Partners,Cold Chain Packaging,Packaging,2317,28.22,65385.74,2025-05-18,13,2025-06-02,Yes,"Facility A - New Brunswick, NJ",Germany
PO-10358,BioSupply Partners,Sterile Syringes,Medical Devices,2007,3.41,6843.87,2025-05-19,19,2025-06-07,Yes,Facility E - Singapore,Germany
PO-10251,Meridian Chem Group,Blister Packs,Packaging,1505,6.67,10038.35,2025-05-19,8,2025-05-29,Yes,Facility C - Puerto Rico,China
PO-11019,Apex Pharma Materials,Filtration Media,Manufacturing Consumables,2825,69.26,195659.5,2025-05-21,28,2025-06-16,Yes,"Facility B - Indianapolis, IN",Switzerland
PO-10068,Meridian Chem Group,Stainless Steel Components,Manufacturing Consumables,1790,251.52,450220.8,2025-05-22,28,2025-06-18,Yes,Facility C - Puerto Rico,China
PO-10439,NovaChem Ltd,Filtration Media,Manufacturing Consumables,3236,51.18,165618.48,2025-05-22,26,2025-06-15,Yes,"Facility D - Cork, Ireland",China
PO-10223,MedSource Industries,Packaging Film,Packaging,365,12.91,4712.15,2025-05-22,9,2025-06-01,Yes,Facility E - Singapore,USA
PO-10572,Apex Pharma Materials,Excipients,Raw Materials,1783,81.48,145278.84,2025-05-23,19,2025-06-09,Yes,Facility E - Singapore,Switzerland
PO-11044,Meridian Chem Group,Cold Chain Packaging,Packaging,1590,19.02,30241.8,2025-05-23,13,2025-06-07,Yes,"Facility B - Indianapolis, IN",China
PO-10735,PharmaCorp Global,Active Pharmaceutical Ingredient (API),Raw Materials,2260,443.89,1003191.4,2025-05-24,51,2025-07-15,Yes,"Facility B - Indianapolis, IN",USA
PO-11086,NovaChem Ltd,Sterile Syringes,Medical Devices,2462,2.07,5096.34,2025-05-25,15,2025-06-10,Yes,"Facility D - Cork, Ireland",China
PO-10266,MedSource Industries,Packaging Film,Packaging,3594,14.6,52472.4,2025-05-25,14,2025-06-09,Yes,Facility E - Singapore,USA
PO-10511,BioSupply Partners,Packaging Film,Packaging,977,18.9,18465.3,2025-05-29,9,2025-06-06,Yes,Facility C - Puerto Rico,Germany
PO-10529,NovaChem Ltd,Filtration Media,Manufacturing Consumables,798,49.22,39277.56,2025-05-30,27,2025-06-25,Yes,"Facility B - Indianapolis, IN",China
PO-10290,Vertex Bio Supply,Excipients,Raw Materials,790,68.98,54494.2,2025-05-30,32,2025-07-12,No,Facility E - Singapore,India
PO-10120,Vertex Bio Supply,Sterile Syringes,Medical Devices,877,2.8,2455.6,2025-05-31,27,2025-06-27,Yes,Facility C - Puerto Rico,India
PO-10057,PharmaCorp Global,Active Pharmaceutical Ingredient (API),Raw Materials,65,409.62,26625.3,2025-06-01,34,2025-07-07,Yes,Facility E - Singapore,USA
PO-10465,PurePharm Supply Co,Glass Vials,Packaging,1002,4.66,4669.32,2025-06-01,15,2025-06-18,Yes,Facility E - Singapore,USA
PO-11114,NovaChem Ltd,Glass Vials,Packaging,1157,3.61,4176.77,2025-06-03,24,2025-06-26,Yes,"Facility D - Cork, Ireland",China
PO-10147,MedSource Industries,Stainless Steel Components,Manufacturing Consumables,278,270.7,75254.6,2025-06-03,49,2025-07-21,Yes,Facility E - Singapore,USA
PO-11030,Vertex Bio Supply,Cold Chain Packaging,Packaging,2469,17.26,42614.94,2025-06-03,18,2025-06-23,Yes,"Facility D - Cork, Ireland",India
PO-10122,Vertex Bio Supply,Packaging Film,Packaging,1510,13.64,20596.4,2025-06-04,11,2025-06-14,Yes,"Facility D - Cork, Ireland",India
PO-10621,Apex Pharma Materials,Cold Chain Packaging,Packaging,1994,23.8,47457.2,2025-06-04,12,2025-06-20,No,Facility C - Puerto Rico,Switzerland
PO-10545,Meridian Chem Group,Blister Packs,Packaging,1837,5.37,9864.69,2025-06-04,14,2025-06-18,Yes,Facility E - Singapore,China
PO-10639,ChemPro Solutions,Cold Chain Packaging,Packaging,1568,16.22,25432.96,2025-06-06,10,2025-06-14,Yes,Facility C - Puerto Rico,India
PO-11008,Meridian Chem Group,Active Pharmaceutical Ingredient (API),Raw Materials,2965,331.14,981830.1,2025-06-06,42,2025-07-16,Yes,"Facility D - Cork, Ireland",China
PO-10098,ChemPro Solutions,Excipients,Raw Materials,2297,70.09,160996.73,2025-06-06,16,2025-06-23,Yes,"Facility D - Cork, Ireland",India
PO-10284,Apex Pharma Materials,Stainless Steel Components,Manufacturing Consumables,5849,297.7,1741247.3,2025-06-08,26,2025-07-03,Yes,Facility E - Singapore,Switzerland
PO-11067,NovaChem Ltd,Blister Packs,Packaging,1866,5.23,9759.18,2025-06-08,11,2025-06-18,Yes,"Facility A - New Brunswick, NJ",China
PO-10480,Vertex Bio Supply,Sterile Syringes,Medical Devices,5408,2.59,14006.72,2025-06-08,12,2025-06-22,Yes,"Facility B - Indianapolis, IN",India
PO-11074,BioSupply Partners,Glass Vials,Packaging,1611,5.47,8812.17,2025-06-08,9,2025-06-18,Yes,Facility E - Singapore,Germany
PO-10052,Apex Pharma Materials,Glass Vials,Packaging,1884,5.97,11247.48,2025-06-09,15,2025-06-22,Yes,Facility E - Singapore,Switzerland
PO-10067,PharmaCorp Global,Sterile Syringes,Medical Devices,1525,3.55,5413.75,2025-06-09,20,2025-06-28,Yes,Facility E - Singapore,USA
PO-10855,Vertex Bio Supply,Sterile Syringes,Medical Devices,1209,2.55,3082.95,2025-06-09,21,2025-07-01,Yes,Facility C - Puerto Rico,India
PO-10891,GlobalMed Ingredients,Stainless Steel Components,Manufacturing Consumables,3289,343.81,1130791.09,2025-06-10,42,2025-07-22,Yes,"Facility A - New Brunswick, NJ",Ireland
PO-10240,Vertex Bio Supply,Glass Vials,Packaging,866,4.06,3515.96,2025-06-10,15,2025-06-24,Yes,"Facility D - Cork, Ireland",India
PO-10925,BioSupply Partners,Blister Packs,Packaging,397,8.53,3386.41,2025-06-11,10,2025-06-20,Yes,"Facility D - Cork, Ireland",Germany
PO-10282,Vertex Bio Supply,Filtration Media,Manufacturing Consumables,917,58.9,54011.3,2025-06-11,34,2025-07-15,Yes,"Facility A - New Brunswick, NJ",India
PO-10332,Vertex Bio Supply,Blister Packs,Packaging,559,6.75,3773.25,2025-06-11,6,2025-06-16,Yes,"Facility B - Indianapolis, IN",India
PO-10750,GlobalMed Ingredients,Stainless Steel Components,Manufacturing Consumables,2719,304.35,827527.65,2025-06-11,35,2025-07-14,Yes,"Facility B - Indianapolis, IN",Ireland
PO-10400,Apex Pharma Materials,Lab Reagents,Lab Supplies,1066,144.57,154111.62,2025-06-13,21,2025-07-04,Yes,Facility C - Puerto Rico,Switzerland
PO-10232,PharmaCorp Global,Stainless Steel Components,Manufacturing Consumables,2445,301.81,737925.45,2025-06-16,31,2025-07-19,Yes,Facility E - Singapore,USA
PO-10559,NovaChem Ltd,Cold Chain Packaging,Packaging,1699,15.69,26657.31,2025-06-16,17,2025-07-05,Yes,"Facility B - Indianapolis, IN",China
PO-10226,Apex Pharma Materials,Glass Vials,Packaging,628,5.72,3592.16,2025-06-16,19,2025-07-04,Yes,"Facility D - Cork, Ireland",Switzerland
PO-10360,Meridian Chem Group,Blister Packs,Packaging,774,6.17,4775.58,2025-06-17,13,2025-07-02,Yes,Facility C - Puerto Rico,China
PO-10270,Apex Pharma Materials,Stainless Steel Components,Manufacturing Consumables,1528,304.06,464603.68,2025-06-18,36,2025-07-25,Yes,Facility C - Puerto Rico,Switzerland
PO-11075,ChemPro Solutions,Blister Packs,Packaging,2568,6.72,17256.96,2025-06-18,12,2025-07-01,Yes,Facility C - Puerto Rico,India
PO-10595,Meridian Chem Group,Lab Reagents,Lab Supplies,2767,93.52,258769.84,2025-06-19,20,2025-07-07,Yes,"Facility A - New Brunswick, NJ",China
PO-10839,GlobalMed Ingredients,Sterile Syringes,Medical Devices,775,3.14,2433.5,2025-06-19,19,2025-07-10,Yes,Facility E - Singapore,Ireland
PO-10474,GlobalMed Ingredients,Glass Vials,Packaging,856,5.12,4382.72,2025-06-20,9,2025-06-27,Yes,Facility C - Puerto Rico,Ireland
PO-10142,Meridian Chem Group,Excipients,Raw Materials,3208,57.67,185005.36,2025-06-20,18,2025-07-14,No,Facility E - Singapore,China
PO-10487,Vertex Bio Supply,Filtration Media,Manufacturing Consumables,1986,55.63,110481.18,2025-06-21,19,2025-07-10,Yes,Facility E - Singapore,India
PO-10620,Meridian Chem Group,Lab Reagents,Lab Supplies,2163,92.57,200228.91,2025-06-21,27,2025-07-17,Yes,"Facility A - New Brunswick, NJ",China
PO-11183,BioSupply Partners,Lab Reagents,Lab Supplies,1882,149.49,281340.18,2025-06-23,23,2025-07-16,Yes,Facility E - Singapore,Germany
PO-10636,Apex Pharma Materials,Filtration Media,Manufacturing Consumables,1770,67.14,118837.8,2025-06-24,22,2025-07-14,Yes,Facility E - Singapore,Switzerland
PO-11182,GlobalMed Ingredients,Sterile Syringes,Medical Devices,200,3.2,640.0,2025-06-24,14,2025-07-08,Yes,"Facility B - Indianapolis, IN",Ireland
PO-10504,ChemPro Solutions,Packaging Film,Packaging,1221,10.58,12918.18,2025-06-26,13,2025-07-17,No,"Facility A - New Brunswick, NJ",India
PO-11033,Apex Pharma Materials,Stainless Steel Components,Manufacturing Consumables,957,346.8,331887.6,2025-06-27,35,2025-08-02,Yes,"Facility D - Cork, Ireland",Switzerland
PO-10909,Vertex Bio Supply,Packaging Film,Packaging,3802,10.53,40035.06,2025-06-29,8,2025-07-07,Yes,"Facility B - Indianapolis, IN",India
PO-10448,Vertex Bio Supply,Sterile Syringes,Medical Devices,1192,2.21,2634.32,2025-06-30,26,2025-07-24,Yes,Facility C - Puerto Rico,India
PO-10774,NovaChem Ltd,Lab Reagents,Lab Supplies,2816,93.94,264535.04,2025-06-30,21,2025-07-23,Yes,"Facility B - Indianapolis, IN",China
PO-10832,Vertex Bio Supply,Filtration Media,Manufacturing Consumables,2000,56.62,113240.0,2025-06-30,27,2025-07-29,Yes,"Facility D - Cork, Ireland",India
PO-11022,Meridian Chem Group,Excipients,Raw Materials,295,58.18,17163.1,2025-06-30,17,2025-07-19,Yes,"Facility B - Indianapolis, IN",China
PO-10055,Vertex Bio Supply,Active Pharmaceutical Ingredient (API),Raw Materials,4032,328.39,1324068.48,2025-06-30,28,2025-08-04,No,"Facility A - New Brunswick, NJ",India
PO-10234,GlobalMed Ingredients,Excipients,Raw Materials,233,82.74,19278.42,2025-06-30,8,2025-07-08,Yes,"Facility D - Cork, Ireland",Ireland
PO-10600,ChemPro Solutions,Excipients,Raw Materials,553,63.41,35065.73,2025-06-30,22,2025-07-23,Yes,"Facility A - New Brunswick, NJ",India
PO-11041,Vertex Bio Supply,Active Pharmaceutical Ingredient (API),Raw Materials,2183,384.91,840258.53,2025-07-02,38,2025-08-09,Yes,"Facility B - Indianapolis, IN",India
PO-10732,Vertex Bio Supply,Glass Vials,Packaging,3247,3.88,12598.36,2025-07-04,18,2025-07-22,Yes,Facility C - Puerto Rico,India
PO-10579,GlobalMed Ingredients,Excipients,Raw Materials,920,82.92,76286.4,2025-07-04,20,2025-08-06,No,Facility E - Singapore,Ireland
PO-10036,Meridian Chem Group,Packaging Film,Packaging,1102,11.67,12860.34,2025-07-04,14,2025-07-20,Yes,"Facility B - Indianapolis, IN",China
PO-10444,Meridian Chem Group,Filtration Media,Manufacturing Consumables,2860,43.96,125725.6,2025-07-04,39,2025-08-29,No,Facility C - Puerto Rico,China
PO-10915,PharmaCorp Global,Lab Reagents,Lab Supplies,684,118.8,81259.2,2025-07-04,25,2025-07-30,Yes,"Facility B - Indianapolis, IN",USA
PO-10662,BioSupply Partners,Active Pharmaceutical Ingredient (API),Raw Materials,375,459.78,172417.5,2025-07-05,35,2025-08-09,Yes,"Facility B - Indianapolis, IN",Germany
PO-10805,BioSupply Partners,Filtration Media,Manufacturing Consumables,1508,83.16,125405.28,2025-07-06,18,2025-07-26,Yes,Facility E - Singapore,Germany
PO-11121,PharmaCorp Global,Stainless Steel Components,Manufacturing Consumables,2313,317.7,734840.1,2025-07-06,13,2025-07-23,No,Facility C - Puerto Rico,USA
PO-10851,PharmaCorp Global,Sterile Syringes,Medical Devices,2004,2.99,5991.96,2025-07-06,23,2025-07-28,Yes,Facility E - Singapore,USA
PO-10224,Apex Pharma Materials,Stainless Steel Components,Manufacturing Consumables,922,348.42,321243.24,2025-07-07,46,2025-08-23,Yes,"Facility B - Indianapolis, IN",Switzerland
PO-10431,Vertex Bio Supply,Sterile Syringes,Medical Devices,516,2.64,1362.24,2025-07-07,23,2025-08-01,Yes,"Facility A - New Brunswick, NJ",India
PO-10517,Apex Pharma Materials,Blister Packs,Packaging,225,10.24,2304.0,2025-07-07,10,2025-07-19,Yes,Facility E - Singapore,Switzerland
PO-10593,Meridian Chem Group,Packaging Film,Packaging,2203,12.36,27229.08,2025-07-07,8,2025-07-16,Yes,"Facility A - New Brunswick, NJ",China
PO-10318,NovaChem Ltd,Stainless Steel Components,Manufacturing Consumables,1908,218.02,415982.16,2025-07-08,30,2025-08-13,No,"Facility D - Cork, Ireland",China
PO-10288,PharmaCorp Global,Filtration Media,Manufacturing Consumables,115,58.04,6674.6,2025-07-08,26,2025-08-05,Yes,"Facility D - Cork, Ireland",USA
PO-10437,GlobalMed Ingredients,Filtration Media,Manufacturing Consumables,1553,65.52,101752.56,2025-07-09,23,2025-08-03,Yes,Facility C - Puerto Rico,Ireland
PO-10619,PharmaCorp Global,Active Pharmaceutical Ingredient (API),Raw Materials,428,531.58,227516.24,2025-07-11,62,2025-09-09,Yes,Facility E - Singapore,USA
PO-11117,MedSource Industries,Excipients,Raw Materials,763,89.29,68128.27,2025-07-12,25,2025-08-17,No,Facility E - Singapore,USA
PO-11071,PharmaCorp Global,Cold Chain Packaging,Packaging,1548,22.92,35480.16,2025-07-13,18,2025-07-29,Yes,"Facility D - Cork, Ireland",USA
PO-10168,Vertex Bio Supply,Excipients,Raw Materials,828,58.77,48661.56,2025-07-14,22,2025-08-04,Yes,"Facility A - New Brunswick, NJ",India
PO-10195,PharmaCorp Global,Stainless Steel Components,Manufacturing Consumables,2063,287.19,592472.97,2025-07-14,46,2025-08-30,Yes,"Facility A - New Brunswick, NJ",USA
PO-10603,NovaChem Ltd,Sterile Syringes,Medical Devices,2611,2.47,6449.17,2025-07-14,19,2025-08-03,Yes,Facility C - Puerto Rico,China
PO-10044,BioSupply Partners,Active Pharmaceutical Ingredient (API),Raw Materials,952,530.73,505254.96,2025-07-17,56,2025-09-13,Yes,Facility E - Singapore,Germany
PO-10995,MedSource Industries,Filtration Media,Manufacturing Consumables,893,66.79,59643.47,2025-07-19,18,2025-08-07,Yes,"Facility B - Indianapolis, IN",USA
PO-10824,GlobalMed Ingredients,Excipients,Raw Materials,781,79.44,62042.64,2025-07-19,25,2025-08-27,No,"Facility A - New Brunswick, NJ",Ireland
PO-10780,Meridian Chem Group,Lab Reagents,Lab Supplies,478,83.79,40051.62,2025-07-19,22,2025-08-12,Yes,Facility C - Puerto Rico,China
PO-10961,NovaChem Ltd,Sterile Syringes,Medical Devices,2641,2.38,6285.58,2025-07-20,20,2025-08-10,Yes,"Facility A - New Brunswick, NJ",China
PO-10510,PharmaCorp Global,Glass Vials,Packaging,963,4.68,4506.84,2025-07-20,10,2025-08-01,Yes,"Facility B - Indianapolis, IN",USA
PO-10979,Vertex Bio Supply,Glass Vials,Packaging,1389,4.23,5875.47,2025-07-21,9,2025-07-29,Yes,"Facility A - New Brunswick, NJ",India
PO-10505,PurePharm Supply Co,Lab Reagents,Lab Supplies,558,121.19,67624.02,2025-07-22,20,2025-08-13,Yes,"Facility A - New Brunswick, NJ",USA
PO-11106,NovaChem Ltd,Stainless Steel Components,Manufacturing Consumables,970,244.56,237223.2,2025-07-22,28,2025-08-30,No,Facility E - Singapore,China
PO-11089,Vertex Bio Supply,Excipients,Raw Materials,716,74.82,53571.12,2025-07-22,12,2025-08-01,Yes,"Facility B - Indianapolis, IN",India
PO-11083,Meridian Chem Group,Glass Vials,Packaging,1465,4.0,5860.0,2025-07-23,12,2025-08-02,Yes,"Facility B - Indianapolis, IN",China
PO-10406,NovaChem Ltd,Active Pharmaceutical Ingredient (API),Raw Materials,621,355.64,220852.44,2025-07-23,37,2025-08-27,Yes,"Facility B - Indianapolis, IN",China
PO-10031,GlobalMed Ingredients,Lab Reagents,Lab Supplies,594,134.85,80100.9,2025-07-23,15,2025-08-08,Yes,"Facility B - Indianapolis, IN",Ireland
PO-10291,PurePharm Supply Co,Glass Vials,Packaging,1968,5.18,10194.24,2025-07-24,15,2025-08-07,Yes,"Facility A - New Brunswick, NJ",USA
PO-11109,BioSupply Partners,Blister Packs,Packaging,2709,7.73,20940.57,2025-07-25,12,2025-08-04,Yes,"Facility A - New Brunswick, NJ",Germany
PO-10482,ChemPro Solutions,Stainless Steel Components,Manufacturing Consumables,511,240.88,123089.68,2025-07-25,39,2025-09-02,Yes,Facility E - Singapore,India
PO-10271,BioSupply Partners,Stainless Steel Components,Manufacturing Consumables,1446,292.89,423518.94,2025-07-26,33,2025-08-27,Yes,"Facility A - New Brunswick, NJ",Germany
PO-10689,ChemPro Solutions,Sterile Syringes,Medical Devices,449,2.44,1095.56,2025-07-26,19,2025-08-12,Yes,Facility C - Puerto Rico,India
PO-10352,Meridian Chem Group,Packaging Film,Packaging,778,10.19,7927.82,2025-07-27,7,2025-08-04,Yes,"Facility D - Cork, Ireland",China
PO-11009,NovaChem Ltd,Lab Reagents,Lab Supplies,673,80.73,54331.29,2025-07-27,20,2025-08-16,Yes,"Facility A - New Brunswick, NJ",China
PO-10119,GlobalMed Ingredients,Glass Vials,Packaging,2539,4.95,12568.05,2025-07-28,17,2025-08-14,Yes,"Facility B - Indianapolis, IN",Ireland
PO-10562,MedSource Industries,Packaging Film,Packaging,1380,13.63,18809.4,2025-07-28,11,2025-08-08,Yes,"Facility A - New Brunswick, NJ",USA
PO-10420,ChemPro Solutions,Filtration Media,Manufacturing Consumables,5744,46.26,265717.44,2025-07-28,33,2025-08-31,Yes,Facility E - Singapore,India
PO-11119,GlobalMed Ingredients,Sterile Syringes,Medical Devices,1131,3.26,3687.06,2025-07-29,33,2025-09-02,Yes,Facility E - Singapore,Ireland
PO-10674,PurePharm Supply Co,Filtration Media,Manufacturing Consumables,864,68.94,59564.16,2025-07-29,23,2025-08-19,Yes,Facility C - Puerto Rico,USA
PO-10150,Meridian Chem Group,Cold Chain Packaging,Packaging,285,18.22,5192.7,2025-07-29,12,2025-08-11,Yes,"Facility A - New Brunswick, NJ",China
PO-10921,BioSupply Partners,Cold Chain Packaging,Packaging,881,21.71,19126.51,2025-08-01,14,2025-08-13,Yes,"Facility D - Cork, Ireland",Germany
PO-10395,Vertex Bio Supply,Stainless Steel Components,Manufacturing Consumables,491,242.07,118856.37,2025-08-01,37,2025-09-06,Yes,"Facility A - New Brunswick, NJ",India
PO-10457,MedSource Industries,Lab Reagents,Lab Supplies,1052,128.91,135613.32,2025-08-02,11,2025-08-14,Yes,"Facility A - New Brunswick, NJ",USA
PO-10756,Meridian Chem Group,Packaging Film,Packaging,810,11.08,8974.8,2025-08-02,15,2025-08-19,Yes,Facility C - Puerto Rico,China
PO-10121,NovaChem Ltd,Stainless Steel Components,Manufacturing Consumables,826,193.6,159913.6,2025-08-02,27,2025-09-03,No,Facility C - Puerto Rico,China
PO-10878,ChemPro Solutions,Stainless Steel Components,Manufacturing Consumables,2169,257.59,558712.71,2025-08-03,32,2025-09-10,No,Facility C - Puerto Rico,India
PO-10499,PharmaCorp Global,Sterile Syringes,Medical Devices,2834,2.71,7680.14,2025-08-04,18,2025-08-20,Yes,Facility E - Singapore,USA
PO-10264,Meridian Chem Group,Lab Reagents,Lab Supplies,1208,93.13,112501.04,2025-08-04,12,2025-08-15,Yes,"Facility D - Cork, Ireland",China
PO-10860,PurePharm Supply Co,Packaging Film,Packaging,252,17.23,4341.96,2025-08-04,13,2025-08-21,No,"Facility A - New Brunswick, NJ",USA
PO-10958,Vertex Bio Supply,Filtration Media,Manufacturing Consumables,1219,57.64,70263.16,2025-08-04,21,2025-08-24,Yes,"Facility A - New Brunswick, NJ",India
PO-10983,MedSource Industries,Packaging Film,Packaging,2439,16.65,40609.35,2025-08-04,9,2025-08-30,No,"Facility A - New Brunswick, NJ",USA
PO-10882,MedSource Industries,Lab Reagents,Lab Supplies,878,130.41,114499.98,2025-08-05,8,2025-08-13,Yes,"Facility B - Indianapolis, IN",USA
PO-10206,Meridian Chem Group,Lab Reagents,Lab Supplies,966,90.86,87770.76,2025-08-05,16,2025-08-21,Yes,Facility E - Singapore,China
PO-10512,GlobalMed Ingredients,Cold Chain Packaging,Packaging,414,21.47,8888.58,2025-08-05,10,2025-08-16,Yes,Facility E - Singapore,Ireland
PO-10136,NovaChem Ltd,Lab Reagents,Lab Supplies,3562,92.44,329271.28,2025-08-06,15,2025-08-20,Yes,"Facility B - Indianapolis, IN",China
PO-10242,BioSupply Partners,Lab Reagents,Lab Supplies,605,153.91,93115.55,2025-08-06,13,2025-08-17,Yes,"Facility B - Indianapolis, IN",Germany
PO-10977,Apex Pharma Materials,Blister Packs,Packaging,859,8.62,7404.58,2025-08-06,18,2025-08-26,Yes,"Facility A - New Brunswick, NJ",Switzerland
PO-10157,MedSource Industries,Excipients,Raw Materials,264,90.0,23760.0,2025-08-07,24,2025-08-29,Yes,Facility C - Puerto Rico,USA
PO-10117,Apex Pharma Materials,Cold Chain Packaging,Packaging,662,28.41,18807.42,2025-08-07,13,2025-08-20,Yes,"Facility B - Indianapolis, IN",Switzerland
PO-10325,GlobalMed Ingredients,Packaging Film,Packaging,1249,14.32,17885.68,2025-08-08,6,2025-08-13,Yes,Facility C - Puerto Rico,Ireland
PO-10783,Meridian Chem Group,Blister Packs,Packaging,1525,6.68,10187.0,2025-08-08,8,2025-08-15,Yes,"Facility A - New Brunswick, NJ",China
PO-11101,NovaChem Ltd,Excipients,Raw Materials,282,56.89,16042.98,2025-08-08,23,2025-09-02,Yes,Facility E - Singapore,China
PO-10969,PurePharm Supply Co,Glass Vials,Packaging,348,5.41,1882.68,2025-08-08,14,2025-08-22,Yes,"Facility A - New Brunswick, NJ",USA
PO-10484,GlobalMed Ingredients,Lab Reagents,Lab Supplies,652,109.45,71361.4,2025-08-09,23,2025-09-01,Yes,"Facility D - Cork, Ireland",Ireland
PO-10204,NovaChem Ltd,Sterile Syringes,Medical Devices,675,2.16,1458.0,2025-08-09,23,2025-09-09,No,Facility C - Puerto Rico,China
PO-10046,GlobalMed Ingredients,Sterile Syringes,Medical Devices,2615,2.71,7086.65,2025-08-10,19,2025-08-28,Yes,"Facility D - Cork, Ireland",Ireland
PO-10432,ChemPro Solutions,Excipients,Raw Materials,1059,60.77,64355.43,2025-08-10,9,2025-08-18,Yes,"Facility A - New Brunswick, NJ",India
PO-10658,MedSource Industries,Cold Chain Packaging,Packaging,603,23.48,14158.44,2025-08-12,13,2025-08-25,Yes,"Facility B - Indianapolis, IN",USA
PO-10523,Vertex Bio Supply,Glass Vials,Packaging,612,4.13,2527.56,2025-08-12,5,2025-08-16,Yes,"Facility D - Cork, Ireland",India
PO-10405,PurePharm Supply Co,Active Pharmaceutical Ingredient (API),Raw Materials,501,481.14,241051.14,2025-08-12,37,2025-09-18,Yes,Facility E - Singapore,USA
PO-10169,GlobalMed Ingredients,Blister Packs,Packaging,3040,7.5,22800.0,2025-08-12,16,2025-08-26,Yes,"Facility A - New Brunswick, NJ",Ireland
PO-10836,ChemPro Solutions,Blister Packs,Packaging,1637,7.32,11982.84,2025-08-13,10,2025-08-25,Yes,Facility E - Singapore,India
PO-11027,ChemPro Solutions,Packaging Film,Packaging,897,11.74,10530.78,2025-08-14,12,2025-08-28,Yes,"Facility A - New Brunswick, NJ",India
PO-10828,PurePharm Supply Co,Cold Chain Packaging,Packaging,3097,23.11,71571.67,2025-08-14,14,2025-08-29,Yes,"Facility D - Cork, Ireland",USA
PO-10997,PurePharm Supply Co,Sterile Syringes,Medical Devices,2963,3.6,10666.8,2025-08-15,16,2025-08-30,Yes,"Facility D - Cork, Ireland",USA
PO-10357,PurePharm Supply Co,Excipients,Raw Materials,2418,78.31,189353.58,2025-08-15,19,2025-09-02,Yes,"Facility D - Cork, Ireland",USA
PO-10496,ChemPro Solutions,Blister Packs,Packaging,4250,6.87,29197.5,2025-08-15,11,2025-09-13,No,Facility C - Puerto Rico,India
PO-10298,Meridian Chem Group,Stainless Steel Components,Manufacturing Consumables,713,231.07,164752.91,2025-08-15,44,2025-09-27,Yes,Facility E - Singapore,China
PO-10904,MedSource Industries,Blister Packs,Packaging,942,7.17,6754.14,2025-08-16,13,2025-08-27,Yes,"Facility A - New Brunswick, NJ",USA
PO-10158,ChemPro Solutions,Excipients,Raw Materials,240,69.91,16778.4,2025-08-16,15,2025-09-15,No,Facility C - Puerto Rico,India
PO-10143,PurePharm Supply Co,Filtration Media,Manufacturing Consumables,1821,60.59,110334.39,2025-08-16,28,2025-09-14,Yes,"Facility B - Indianapolis, IN",USA
PO-11198,MedSource Industries,Excipients,Raw Materials,1177,75.59,88969.43,2025-08-17,15,2025-08-30,Yes,"Facility D - Cork, Ireland",USA
PO-10524,Meridian Chem Group,Blister Packs,Packaging,2271,6.33,14375.43,2025-08-18,8,2025-09-11,No,Facility C - Puerto Rico,China
PO-10454,ChemPro Solutions,Excipients,Raw Materials,564,60.6,34178.4,2025-08-21,16,2025-09-07,Yes,Facility C - Puerto Rico,India
PO-10789,Meridian Chem Group,Stainless Steel Components,Manufacturing Consumables,153,229.75,35151.75,2025-08-21,29,2025-09-21,Yes,"Facility A - New Brunswick, NJ",China
PO-11026,Vertex Bio Supply,Sterile Syringes,Medical Devices,2646,2.8,7408.8,2025-08-22,24,2025-09-14,Yes,"Facility D - Cork, Ireland",India
PO-10768,PharmaCorp Global,Stainless Steel Components,Manufacturing Consumables,1413,358.65,506772.45,2025-08-23,40,2025-09-30,Yes,"Facility B - Indianapolis, IN",USA
PO-10514,PharmaCorp Global,Excipients,Raw Materials,89,81.81,7281.09,2025-08-23,17,2025-09-08,Yes,"Facility A - New Brunswick, NJ",USA
PO-10040,BioSupply Partners,Excipients,Raw Materials,891,98.87,88093.17,2025-08-24,21,2025-09-14,Yes,"Facility A - New Brunswick, NJ",Germany
PO-10333,NovaChem Ltd,Packaging Film,Packaging,196,10.9,2136.4,2025-08-25,9,2025-09-03,Yes,"Facility B - Indianapolis, IN",China
PO-10086,PurePharm Supply Co,Blister Packs,Packaging,3690,7.74,28560.6,2025-08-26,10,2025-09-03,Yes,Facility C - Puerto Rico,USA
PO-10678,NovaChem Ltd,Sterile Syringes,Medical Devices,3497,2.26,7903.22,2025-08-26,27,2025-09-21,Yes,Facility C - Puerto Rico,China
PO-10072,PharmaCorp Global,Blister Packs,Packaging,767,7.86,6028.62,2025-08-29,10,2025-09-06,Yes,Facility C - Puerto Rico,USA
PO-10381,PharmaCorp Global,Active Pharmaceutical Ingredient (API),Raw Materials,1622,471.03,764010.66,2025-08-29,30,2025-09-29,Yes,"Facility A - New Brunswick, NJ",USA
PO-10427,Meridian Chem Group,Filtration Media,Manufacturing Consumables,3069,52.8,162043.2,2025-08-29,20,2025-09-17,Yes,Facility C - Puerto Rico,China
PO-10790,MedSource Industries,Active Pharmaceutical Ingredient (API),Raw Materials,1827,410.8,750531.6,2025-08-30,53,2025-10-20,Yes,Facility E - Singapore,USA
PO-10185,BioSupply Partners,Blister Packs,Packaging,988,9.48,9366.24,2025-08-31,9,2025-09-07,Yes,Facility E - Singapore,Germany
PO-10558,ChemPro Solutions,Excipients,Raw Materials,485,69.03,33479.55,2025-08-31,26,2025-10-10,No,"Facility B - Indianapolis, IN",India
PO-10548,MedSource Industries,Stainless Steel Components,Manufacturing Consumables,786,285.63,224505.18,2025-09-01,32,2025-10-02,Yes,Facility C - Puerto Rico,USA
PO-10328,MedSource Industries,Glass Vials,Packaging,1987,5.03,9994.61,2025-09-01,16,2025-09-19,Yes,"Facility D - Cork, Ireland",USA
PO-10440,GlobalMed Ingredients,Filtration Media,Manufacturing Consumables,1301,73.73,95922.73,2025-09-02,26,2025-10-03,No,"Facility A - New Brunswick, NJ",Ireland
PO-10469,PharmaCorp Global,Packaging Film,Packaging,692,17.91,12393.72,2025-09-02,10,2025-09-12,Yes,Facility E - Singapore,USA
PO-10253,Vertex Bio Supply,Filtration Media,Manufacturing Consumables,2332,54.92,128073.44,2025-09-03,14,2025-09-16,Yes,"Facility D - Cork, Ireland",India
PO-10990,Meridian Chem Group,Excipients,Raw Materials,99,70.81,7010.19,2025-09-04,17,2025-09-19,Yes,Facility C - Puerto Rico,China
PO-10948,ChemPro Solutions,Cold Chain Packaging,Packaging,554,18.02,9983.08,2025-09-05,13,2025-09-16,Yes,Facility E - Singapore,India
PO-10462,BioSupply Partners,Cold Chain Packaging,Packaging,1981,21.67,42928.27,2025-09-05,14,2025-09-17,Yes,Facility E - Singapore,Germany
PO-11085,NovaChem Ltd,Excipients,Raw Materials,1949,53.78,104817.22,2025-09-05,22,2025-10-10,No,Facility C - Puerto Rico,China
PO-10389,Vertex Bio Supply,Cold Chain Packaging,Packaging,2466,15.63,38543.58,2025-09-06,19,2025-09-23,Yes,"Facility A - New Brunswick, NJ",India
PO-11126,Meridian Chem Group,Excipients,Raw Materials,842,56.65,47699.3,2025-09-06,19,2025-09-25,Yes,"Facility B - Indianapolis, IN",China
PO-11136,Apex Pharma Materials,Sterile Syringes,Medical Devices,2872,3.36,9649.92,2025-09-06,14,2025-09-20,Yes,"Facility B - Indianapolis, IN",Switzerland
PO-10108,PurePharm Supply Co,Active Pharmaceutical Ingredient (API),Raw Materials,516,515.88,266194.08,2025-09-07,27,2025-10-06,Yes,"Facility D - Cork, Ireland",USA
PO-10369,NovaChem Ltd,Sterile Syringes,Medical Devices,3779,2.19,8276.01,2025-09-07,21,2025-09-27,Yes,"Facility A - New Brunswick, NJ",China
PO-10080,Vertex Bio Supply,Active Pharmaceutical Ingredient (API),Raw Materials,1662,356.15,591921.3,2025-09-07,47,2025-10-24,Yes,Facility C - Puerto Rico,India
PO-10713,Meridian Chem Group,Active Pharmaceutical Ingredient (API),Raw Materials,1163,403.62,469410.06,2025-09-08,56,2025-11-01,Yes,"Facility D - Cork, Ireland",China
PO-10675,PurePharm Supply Co,Stainless Steel Components,Manufacturing Consumables,1650,315.61,520756.5,2025-09-08,28,2025-10-04,Yes,"Facility A - New Brunswick, NJ",USA
PO-10528,NovaChem Ltd,Active Pharmaceutical Ingredient (API),Raw Materials,3902,358.19,1397657.38,2025-09-09,46,2025-10-25,Yes,"Facility B - Indianapolis, IN",China
PO-10910,NovaChem Ltd,Active Pharmaceutical Ingredient (API),Raw Materials,2849,385.94,1099543.06,2025-09-10,52,2025-11-01,Yes,"Facility B - Indianapolis, IN",China
PO-10660,Vertex Bio Supply,Excipients,Raw Materials,1976,65.62,129665.12,2025-09-10,23,2025-10-07,No,"Facility A - New Brunswick, NJ",India
PO-11137,GlobalMed Ingredients,Filtration Media,Manufacturing Consumables,4120,62.15,256058.0,2025-09-11,27,2025-10-08,Yes,"Facility B - Indianapolis, IN",Ireland
PO-10032,NovaChem Ltd,Lab Reagents,Lab Supplies,152,83.83,12742.16,2025-09-11,19,2025-10-01,Yes,Facility E - Singapore,China
PO-10971,NovaChem Ltd,Stainless Steel Components,Manufacturing Consumables,283,207.92,58841.36,2025-09-12,39,2025-10-23,Yes,"Facility D - Cork, Ireland",China
PO-10741,PurePharm Supply Co,Filtration Media,Manufacturing Consumables,634,60.51,38363.34,2025-09-13,29,2025-10-12,Yes,"Facility D - Cork, Ireland",USA
PO-10160,Vertex Bio Supply,Active Pharmaceutical Ingredient (API),Raw Materials,776,321.75,249678.0,2025-09-13,30,2025-10-12,Yes,"Facility A - New Brunswick, NJ",India
PO-10087,GlobalMed Ingredients,Active Pharmaceutical Ingredient (API),Raw Materials,1152,525.76,605675.52,2025-09-13,49,2025-11-01,Yes,Facility E - Singapore,Ireland
PO-10085,Meridian Chem Group,Stainless Steel Components,Manufacturing Consumables,870,241.82,210383.4,2025-09-14,40,2025-10-25,Yes,Facility E - Singapore,China
PO-10826,BioSupply Partners,Sterile Syringes,Medical Devices,579,2.99,1731.21,2025-09-14,17,2025-09-30,Yes,Facility E - Singapore,Germany
PO-10723,BioSupply Partners,Sterile Syringes,Medical Devices,1415,3.72,5263.8,2025-09-14,10,2025-09-22,Yes,Facility C - Puerto Rico,Germany
PO-11123,Meridian Chem Group,Sterile Syringes,Medical Devices,383,2.61,999.63,2025-09-15,14,2025-09-27,Yes,"Facility A - New Brunswick, NJ",China
PO-10384,Meridian Chem Group,Glass Vials,Packaging,641,4.33,2775.53,2025-09-17,11,2025-09-29,Yes,Facility E - Singapore,China
PO-10869,Apex Pharma Materials,Glass Vials,Packaging,162,4.9,793.8,2025-09-17,19,2025-10-08,Yes,Facility C - Puerto Rico,Switzerland
PO-10607,ChemPro Solutions,Excipients,Raw Materials,600,72.36,43416.0,2025-09-17,19,2025-10-08,Yes,"Facility B - Indianapolis, IN",India
PO-10852,Vertex Bio Supply,Filtration Media,Manufacturing Consumables,336,57.74,19400.64,2025-09-17,26,2025-10-11,Yes,"Facility B - Indianapolis, IN",India
PO-10798,GlobalMed Ingredients,Stainless Steel Components,Manufacturing Consumables,860,268.73,231107.8,2025-09-19,41,2025-10-28,Yes,"Facility B - Indianapolis, IN",Ireland
PO-10398,NovaChem Ltd,Cold Chain Packaging,Packaging,1491,18.3,27285.3,2025-09-19,14,2025-10-05,Yes,"Facility A - New Brunswick, NJ",China
PO-10421,PharmaCorp Global,Active Pharmaceutical Ingredient (API),Raw Materials,2103,415.14,873039.42,2025-09-21,38,2025-10-30,Yes,Facility E - Singapore,USA
PO-10862,ChemPro Solutions,Excipients,Raw Materials,1023,59.01,60367.23,2025-09-22,13,2025-10-05,Yes,Facility C - Puerto Rico,India
PO-10279,Apex Pharma Materials,Active Pharmaceutical Ingredient (API),Raw Materials,1266,538.1,681234.6,2025-09-23,67,2025-12-01,Yes,Facility E - Singapore,Switzerland
PO-10693,PharmaCorp Global,Blister Packs,Packaging,674,9.22,6214.28,2025-09-23,9,2025-09-30,Yes,Facility C - Puerto Rico,USA
PO-11031,GlobalMed Ingredients,Packaging Film,Packaging,3207,13.86,44449.02,2025-09-23,9,2025-10-01,Yes,"Facility D - Cork, Ireland",Ireland
PO-10696,PharmaCorp Global,Stainless Steel Components,Manufacturing Consumables,5615,344.02,1931672.3,2025-09-24,42,2025-11-04,Yes,Facility C - Puerto Rico,USA
PO-11066,BioSupply Partners,Excipients,Raw Materials,862,95.09,81967.58,2025-09-24,16,2025-10-08,Yes,"Facility B - Indianapolis, IN",Germany
PO-10047,PharmaCorp Global,Lab Reagents,Lab Supplies,1602,138.17,221348.34,2025-09-25,15,2025-10-12,Yes,Facility E - Singapore,USA
PO-10412,GlobalMed Ingredients,Excipients,Raw Materials,1048,82.59,86554.32,2025-09-25,21,2025-10-17,Yes,"Facility D - Cork, Ireland",Ireland
PO-11128,PharmaCorp Global,Sterile Syringes,Medical Devices,786,3.52,2766.72,2025-09-26,18,2025-10-12,Yes,"Facility A - New Brunswick, NJ",USA
PO-10659,ChemPro Solutions,Packaging Film,Packaging,629,13.5,8491.5,2025-09-26,8,2025-10-04,Yes,Facility E - Singapore,India
PO-10754,NovaChem Ltd,Glass Vials,Packaging,2658,4.16,11057.28,2025-09-28,11,2025-10-07,Yes,Facility C - Puerto Rico,China
PO-10964,MedSource Industries,Sterile Syringes,Medical Devices,248,3.06,758.88,2025-09-28,20,2025-10-20,Yes,"Facility B - Indianapolis, IN",USA
PO-10734,PharmaCorp Global,Active Pharmaceutical Ingredient (API),Raw Materials,755,414.82,313189.1,2025-09-28,53,2025-11-20,Yes,Facility E - Singapore,USA
PO-10343,Apex Pharma Materials,Lab Reagents,Lab Supplies,749,131.59,98560.91,2025-09-29,22,2025-10-20,Yes,Facility C - Puerto Rico,Switzerland
PO-10794,BioSupply Partners,Excipients,Raw Materials,3076,83.13,255707.88,2025-09-30,31,2025-10-29,Yes,Facility C - Puerto Rico,Germany
PO-10937,MedSource Industries,Filtration Media,Manufacturing Consumables,3449,70.82,244258.18,2025-10-01,24,2025-10-26,Yes,"Facility A - New Brunswick, NJ",USA
PO-10981,MedSource Industries,Lab Reagents,Lab Supplies,223,112.36,25056.28,2025-10-01,23,2025-10-23,Yes,"Facility D - Cork, Ireland",USA
PO-11039,Meridian Chem Group,Glass Vials,Packaging,1964,4.27,8386.28,2025-10-01,18,2025-10-17,Yes,"Facility B - Indianapolis, IN",China
PO-10034,Meridian Chem Group,Filtration Media,Manufacturing Consumables,710,49.61,35223.1,2025-10-02,21,2025-10-21,Yes,"Facility B - Indianapolis, IN",China
PO-10477,Vertex Bio Supply,Excipients,Raw Materials,2955,61.58,181968.9,2025-10-02,22,2025-10-22,Yes,"Facility B - Indianapolis, IN",India
PO-10740,Apex Pharma Materials,Packaging Film,Packaging,97,15.53,1506.41,2025-10-03,11,2025-10-14,Yes,"Facility A - New Brunswick, NJ",Switzerland
PO-10164,BioSupply Partners,Stainless Steel Components,Manufacturing Consumables,2524,313.08,790213.92,2025-10-05,21,2025-10-26,Yes,"Facility D - Cork, Ireland",Germany
PO-11060,ChemPro Solutions,Cold Chain Packaging,Packaging,1250,17.39,21737.5,2025-10-06,17,2025-10-22,Yes,Facility E - Singapore,India
PO-10709,Vertex Bio Supply,Cold Chain Packaging,Packaging,326,15.4,5020.4,2025-10-07,12,2025-10-21,Yes,"Facility A - New Brunswick, NJ",India
PO-11157,Vertex Bio Supply,Filtration Media,Manufacturing Consumables,2083,49.42,102941.86,2025-10-07,23,2025-10-28,Yes,"Facility D - Cork, Ireland",India
PO-10012,ChemPro Solutions,Filtration Media,Manufacturing Consumables,660,56.81,37494.6,2025-10-07,21,2025-10-29,Yes,"Facility D - Cork, Ireland",India
PO-10834,PurePharm Supply Co,Lab Reagents,Lab Supplies,1304,126.96,165555.84,2025-10-08,14,2025-10-23,Yes,"Facility A - New Brunswick, NJ",USA
PO-11193,ChemPro Solutions,Active Pharmaceutical Ingredient (API),Raw Materials,188,367.11,69016.68,2025-10-09,48,2025-11-25,Yes,"Facility B - Indianapolis, IN",India
PO-10083,ChemPro Solutions,Stainless Steel Components,Manufacturing Consumables,1793,240.16,430606.88,2025-10-09,31,2025-11-08,Yes,Facility C - Puerto Rico,India
PO-10873,ChemPro Solutions,Sterile Syringes,Medical Devices,3282,2.34,7679.88,2025-10-10,14,2025-10-24,Yes,"Facility B - Indianapolis, IN",India
PO-10793,ChemPro Solutions,Sterile Syringes,Medical Devices,2262,2.31,5225.22,2025-10-10,16,2025-10-25,Yes,Facility E - Singapore,India
PO-10329,PharmaCorp Global,Active Pharmaceutical Ingredient (API),Raw Materials,2083,534.82,1114030.06,2025-10-11,43,2025-11-25,Yes,"Facility B - Indianapolis, IN",USA
PO-10312,GlobalMed Ingredients,Sterile Syringes,Medical Devices,646,3.14,2028.44,2025-10-12,22,2025-11-01,Yes,"Facility A - New Brunswick, NJ",Ireland
PO-10908,Meridian Chem Group,Packaging Film,Packaging,2644,13.28,35112.32,2025-10-13,10,2025-10-25,Yes,"Facility A - New Brunswick, NJ",China
PO-10196,Vertex Bio Supply,Cold Chain Packaging,Packaging,817,19.66,16062.22,2025-10-13,14,2025-10-26,Yes,Facility E - Singapore,India
PO-11088,PharmaCorp Global,Active Pharmaceutical Ingredient (API),Raw Materials,1873,488.58,915110.34,2025-10-14,24,2025-11-06,Yes,Facility C - Puerto Rico,USA
PO-10175,Vertex Bio Supply,Filtration Media,Manufacturing Consumables,708,58.02,41078.16,2025-10-17,32,2025-11-19,Yes,Facility C - Puerto Rico,India
PO-10691,PharmaCorp Global,Filtration Media,Manufacturing Consumables,2123,63.81,135468.63,2025-10-18,18,2025-11-07,Yes,"Facility D - Cork, Ireland",USA
PO-11093,BioSupply Partners,Packaging Film,Packaging,1389,18.2,25279.8,2025-10-18,6,2025-10-23,Yes,"Facility A - New Brunswick, NJ",Germany
PO-10434,Apex Pharma Materials,Glass Vials,Packaging,1346,5.04,6783.84,2025-10-19,25,2025-11-12,Yes,"Facility B - Indianapolis, IN",Switzerland
PO-10247,Meridian Chem Group,Filtration Media,Manufacturing Consumables,2358,56.35,132873.3,2025-10-19,28,2025-11-14,Yes,"Facility D - Cork, Ireland",China
PO-10411,BioSupply Partners,Filtration Media,Manufacturing Consumables,3308,78.31,259049.48,2025-10-19,33,2025-11-23,Yes,Facility E - Singapore,Germany
PO-10262,BioSupply Partners,Blister Packs,Packaging,737,9.53,7023.61,2025-10-20,13,2025-11-02,Yes,Facility E - Singapore,Germany
PO-10838,Meridian Chem Group,Filtration Media,Manufacturing Consumables,984,48.35,47576.4,2025-10-20,25,2025-11-14,Yes,"Facility B - Indianapolis, IN",China
PO-10565,GlobalMed Ingredients,Active Pharmaceutical Ingredient (API),Raw Materials,1525,436.69,665952.25,2025-10-21,21,2025-11-09,Yes,Facility E - Singapore,Ireland
PO-11159,Vertex Bio Supply,Glass Vials,Packaging,1906,4.06,7738.36,2025-10-22,13,2025-11-16,No,Facility E - Singapore,India
PO-10650,PurePharm Supply Co,Cold Chain Packaging,Packaging,647,24.23,15676.81,2025-10-22,12,2025-11-02,Yes,Facility C - Puerto Rico,USA
PO-10694,PharmaCorp Global,Excipients,Raw Materials,349,73.58,25679.42,2025-10-23,15,2025-11-06,Yes,Facility E - Singapore,USA
PO-11180,ChemPro Solutions,Excipients,Raw Materials,952,55.24,52588.48,2025-10-24,18,2025-11-10,Yes,Facility C - Puerto Rico,India
PO-10785,Meridian Chem Group,Sterile Syringes,Medical Devices,364,2.38,866.32,2025-10-24,26,2025-11-21,Yes,Facility C - Puerto Rico,China
PO-10987,Meridian Chem Group,Filtration Media,Manufacturing Consumables,4371,49.47,216233.37,2025-10-25,28,2025-11-21,Yes,"Facility D - Cork, Ireland",China
PO-10167,Meridian Chem Group,Stainless Steel Components,Manufacturing Consumables,1687,220.1,371308.7,2025-10-25,48,2025-12-21,No,"Facility B - Indianapolis, IN",China
PO-10594,Meridian Chem Group,Excipients,Raw Materials,2418,64.8,156686.4,2025-10-26,22,2025-11-17,Yes,Facility E - Singapore,China
PO-10197,Apex Pharma Materials,Excipients,Raw Materials,990,84.4,83556.0,2025-10-26,15,2025-11-11,Yes,"Facility B - Indianapolis, IN",Switzerland
PO-10967,BioSupply Partners,Active Pharmaceutical Ingredient (API),Raw Materials,773,453.7,350710.1,2025-10-27,58,2025-12-24,Yes,Facility E - Singapore,Germany
PO-10463,PharmaCorp Global,Sterile Syringes,Medical Devices,916,2.8,2564.8,2025-10-27,18,2025-11-12,Yes,"Facility D - Cork, Ireland",USA
PO-10522,PurePharm Supply Co,Filtration Media,Manufacturing Consumables,3224,75.45,243250.8,2025-10-27,16,2025-11-10,Yes,"Facility B - Indianapolis, IN",USA
PO-10126,MedSource Industries,Filtration Media,Manufacturing Consumables,1490,55.75,83067.5,2025-10-28,25,2025-11-23,Yes,Facility E - Singapore,USA
PO-11120,MedSource Industries,Glass Vials,Packaging,976,4.82,4704.32,2025-10-28,18,2025-11-14,Yes,Facility E - Singapore,USA
PO-11004,MedSource Industries,Blister Packs,Packaging,3238,7.03,22763.14,2025-10-30,9,2025-11-06,Yes,Facility C - Puerto Rico,USA
PO-10081,PurePharm Supply Co,Sterile Syringes,Medical Devices,295,3.53,1041.35,2025-10-30,28,2025-11-29,Yes,"Facility A - New Brunswick, NJ",USA
PO-10024,PharmaCorp Global,Active Pharmaceutical Ingredient (API),Raw Materials,2101,437.13,918410.13,2025-10-31,79,2026-02-02,No,Facility C - Puerto Rico,USA
PO-10033,ChemPro Solutions,Packaging Film,Packaging,3295,12.06,39737.7,2025-10-31,12,2025-11-12,Yes,"Facility D - Cork, Ireland",India
PO-10707,Meridian Chem Group,Sterile Syringes,Medical Devices,430,2.2,946.0,2025-10-31,26,2025-11-27,Yes,Facility C - Puerto Rico,China
PO-10782,BioSupply Partners,Blister Packs,Packaging,2332,8.13,18959.16,2025-11-02,13,2025-11-17,Yes,"Facility D - Cork, Ireland",Germany
PO-10301,Meridian Chem Group,Glass Vials,Packaging,693,4.48,3104.64,2025-11-02,9,2025-11-09,Yes,Facility C - Puerto Rico,China
PO-10051,PharmaCorp Global,Cold Chain Packaging,Packaging,1009,19.72,19897.48,2025-11-02,15,2025-11-19,Yes,Facility E - Singapore,USA
PO-10450,MedSource Industries,Active Pharmaceutical Ingredient (API),Raw Materials,1254,451.81,566569.74,2025-11-03,31,2025-12-06,Yes,"Facility D - Cork, Ireland",USA
PO-11062,ChemPro Solutions,Excipients,Raw Materials,1089,64.44,70175.16,2025-11-04,16,2025-11-20,Yes,"Facility A - New Brunswick, NJ",India
PO-10038,ChemPro Solutions,Stainless Steel Components,Manufacturing Consumables,1721,252.76,434999.96,2025-11-05,43,2025-12-16,Yes,Facility E - Singapore,India
PO-10844,MedSource Industries,Cold Chain Packaging,Packaging,1192,23.78,28345.76,2025-11-05,5,2025-11-09,Yes,"Facility D - Cork, Ireland",USA
PO-10684,Meridian Chem Group,Filtration Media,Manufacturing Consumables,1320,46.41,61261.2,2025-11-06,30,2025-12-05,Yes,"Facility A - New Brunswick, NJ",China
PO-10758,Vertex Bio Supply,Excipients,Raw Materials,382,66.42,25372.44,2025-11-07,20,2025-11-26,Yes,Facility C - Puerto Rico,India
PO-10950,BioSupply Partners,Sterile Syringes,Medical Devices,2107,3.37,7100.59,2025-11-08,15,2025-11-24,Yes,"Facility B - Indianapolis, IN",Germany
PO-10589,Apex Pharma Materials,Packaging Film,Packaging,210,18.13,3807.3,2025-11-08,4,2025-11-12,Yes,"Facility A - New Brunswick, NJ",Switzerland
PO-10989,ChemPro Solutions,Active Pharmaceutical Ingredient (API),Raw Materials,1152,412.54,475246.08,2025-11-09,52,2026-01-10,No,Facility C - Puerto Rico,India
PO-10222,Vertex Bio Supply,Stainless Steel Components,Manufacturing Consumables,2469,245.84,606978.96,2025-11-09,34,2025-12-11,Yes,Facility C - Puerto Rico,India
PO-10631,Vertex Bio Supply,Excipients,Raw Materials,4921,59.9,294767.9,2025-11-11,22,2025-12-05,Yes,Facility C - Puerto Rico,India
PO-10268,BioSupply Partners,Lab Reagents,Lab Supplies,5242,147.29,772094.18,2025-11-11,20,2025-11-29,Yes,Facility C - Puerto Rico,Germany
PO-10616,PurePharm Supply Co,Sterile Syringes,Medical Devices,3073,3.26,10017.98,2025-11-12,24,2025-12-08,Yes,Facility C - Puerto Rico,USA
PO-10065,BioSupply Partners,Excipients,Raw Materials,361,85.44,30843.84,2025-11-12,22,2025-12-06,Yes,"Facility A - New Brunswick, NJ",Germany
PO-11104,Vertex Bio Supply,Packaging Film,Packaging,841,11.39,9578.99,2025-11-13,10,2025-11-22,Yes,"Facility D - Cork, Ireland",India
PO-10612,Apex Pharma Materials,Sterile Syringes,Medical Devices,553,3.57,1974.21,2025-11-13,26,2025-12-09,Yes,Facility E - Singapore,Switzerland
PO-11161,PharmaCorp Global,Lab Reagents,Lab Supplies,1235,107.69,132997.15,2025-11-14,26,2025-12-12,Yes,"Facility D - Cork, Ireland",USA
PO-10239,BioSupply Partners,Excipients,Raw Materials,4326,82.08,355078.08,2025-11-14,24,2025-12-10,Yes,"Facility A - New Brunswick, NJ",Germany
PO-10792,GlobalMed Ingredients,Lab Reagents,Lab Supplies,1504,112.28,168869.12,2025-11-15,22,2025-12-06,Yes,"Facility B - Indianapolis, IN",Ireland
PO-10879,PharmaCorp Global,Excipients,Raw Materials,3262,85.91,280238.42,2025-11-15,19,2025-12-22,No,"Facility D - Cork, Ireland",USA
PO-10286,ChemPro Solutions,Sterile Syringes,Medical Devices,4691,2.6,12196.6,2025-11-17,21,2025-12-09,Yes,"Facility B - Indianapolis, IN",India
PO-10765,PharmaCorp Global,Glass Vials,Packaging,2651,4.98,13201.98,2025-11-17,12,2025-11-30,Yes,"Facility B - Indianapolis, IN",USA
PO-10933,GlobalMed Ingredients,Excipients,Raw Materials,3992,72.64,289978.88,2025-11-17,14,2025-12-03,Yes,"Facility A - New Brunswick, NJ",Ireland
PO-10362,NovaChem Ltd,Excipients,Raw Materials,905,52.21,47250.05,2025-11-18,23,2025-12-25,No,Facility C - Puerto Rico,China
PO-10116,Vertex Bio Supply,Filtration Media,Manufacturing Consumables,768,57.01,43783.68,2025-11-19,23,2025-12-13,Yes,"Facility B - Indianapolis, IN",India
PO-10243,PharmaCorp Global,Lab Reagents,Lab Supplies,1118,130.19,145552.42,2025-11-19,8,2025-11-25,Yes,"Facility A - New Brunswick, NJ",USA
PO-11151,GlobalMed Ingredients,Excipients,Raw Materials,3590,77.19,277112.1,2025-11-19,25,2025-12-27,No,"Facility B - Indianapolis, IN",Ireland
PO-10800,PharmaCorp Global,Active Pharmaceutical Ingredient (API),Raw Materials,2139,522.14,1116857.46,2025-11-19,44,2026-01-02,Yes,Facility E - Singapore,USA
PO-11069,NovaChem Ltd,Stainless Steel Components,Manufacturing Consumables,1163,243.89,283644.07,2025-11-20,41,2025-12-29,Yes,"Facility D - Cork, Ireland",China
PO-10801,PurePharm Supply Co,Packaging Film,Packaging,2288,14.63,33473.44,2025-11-20,7,2025-11-25,Yes,"Facility B - Indianapolis, IN",USA
PO-11112,GlobalMed Ingredients,Excipients,Raw Materials,1240,83.31,103304.4,2025-11-20,19,2025-12-07,Yes,"Facility D - Cork, Ireland",Ireland
PO-11194,PurePharm Supply Co,Lab Reagents,Lab Supplies,470,141.29,66406.3,2025-11-21,16,2025-12-05,Yes,"Facility B - Indianapolis, IN",USA
PO-10679,NovaChem Ltd,Lab Reagents,Lab Supplies,2820,96.02,270776.4,2025-11-21,16,2025-12-17,No,"Facility A - New Brunswick, NJ",China
PO-10461,NovaChem Ltd,Packaging Film,Packaging,1008,11.16,11249.28,2025-11-21,11,2025-12-04,Yes,Facility E - Singapore,China
PO-11122,Meridian Chem Group,Cold Chain Packaging,Packaging,213,16.55,3525.15,2025-11-22,14,2025-12-08,Yes,"Facility B - Indianapolis, IN",China
PO-10870,Apex Pharma Materials,Blister Packs,Packaging,2445,10.34,25281.3,2025-11-22,13,2025-12-04,Yes,"Facility D - Cork, Ireland",Switzerland
PO-10648,Vertex Bio Supply,Packaging Film,Packaging,1574,12.94,20367.56,2025-11-23,10,2025-12-01,Yes,Facility E - Singapore,India
PO-10334,PharmaCorp Global,Cold Chain Packaging,Packaging,2050,25.63,52541.5,2025-11-24,11,2025-12-04,Yes,Facility C - Puerto Rico,USA
PO-10953,ChemPro Solutions,Sterile Syringes,Medical Devices,251,2.63,660.13,2025-11-25,22,2025-12-17,Yes,Facility E - Singapore,India
PO-10403,PurePharm Supply Co,Lab Reagents,Lab Supplies,3304,140.57,464443.28,2025-11-26,16,2025-12-13,Yes,"Facility A - New Brunswick, NJ",USA
PO-10497,Vertex Bio Supply,Blister Packs,Packaging,1355,6.4,8672.0,2025-11-27,12,2025-12-08,Yes,Facility E - Singapore,India
PO-10744,PharmaCorp Global,Excipients,Raw Materials,2736,94.07,257375.52,2025-11-28,18,2025-12-18,Yes,Facility C - Puerto Rico,USA
PO-10363,Meridian Chem Group,Packaging Film,Packaging,1235,10.02,12374.7,2025-11-29,8,2025-12-20,No,"Facility D - Cork, Ireland",China
PO-10700,MedSource Industries,Cold Chain Packaging,Packaging,348,22.13,7701.24,2025-11-30,18,2025-12-18,Yes,Facility C - Puerto Rico,USA
PO-10638,GlobalMed Ingredients,Active Pharmaceutical Ingredient (API),Raw Materials,2433,445.71,1084412.43,2025-12-01,49,2026-01-26,No,"Facility B - Indianapolis, IN",Ireland
PO-10006,Meridian Chem Group,Glass Vials,Packaging,2250,3.54,7965.0,2025-12-02,15,2025-12-19,Yes,"Facility B - Indianapolis, IN",China
PO-10492,MedSource Industries,Glass Vials,Packaging,941,5.19,4883.79,2025-12-02,14,2025-12-18,Yes,"Facility D - Cork, Ireland",USA
PO-10922,NovaChem Ltd,Sterile Syringes,Medical Devices,1756,2.17,3810.52,2025-12-03,19,2025-12-24,Yes,"Facility D - Cork, Ireland",China
PO-11028,BioSupply Partners,Stainless Steel Components,Manufacturing Consumables,385,369.45,142238.25,2025-12-03,14,2025-12-19,Yes,"Facility A - New Brunswick, NJ",Germany
PO-11192,PharmaCorp Global,Stainless Steel Components,Manufacturing Consumables,1153,322.47,371807.91,2025-12-04,29,2026-01-02,Yes,"Facility A - New Brunswick, NJ",USA
PO-10208,BioSupply Partners,Lab Reagents,Lab Supplies,2767,122.7,339510.9,2025-12-04,21,2025-12-27,Yes,"Facility D - Cork, Ireland",Germany
PO-10956,GlobalMed Ingredients,Lab Reagents,Lab Supplies,2254,116.19,261892.26,2025-12-05,25,2026-01-01,Yes,"Facility D - Cork, Ireland",Ireland
PO-10725,BioSupply Partners,Sterile Syringes,Medical Devices,730,3.17,2314.1,2025-12-06,16,2025-12-23,Yes,Facility E - Singapore,Germany
PO-10380,NovaChem Ltd,Packaging Film,Packaging,665,9.98,6636.7,2025-12-08,10,2025-12-20,Yes,Facility E - Singapore,China
PO-10900,ChemPro Solutions,Excipients,Raw Materials,1868,65.65,122634.2,2025-12-09,11,2026-01-06,No,"Facility D - Cork, Ireland",India
PO-10563,Apex Pharma Materials,Filtration Media,Manufacturing Consumables,1850,64.79,119861.5,2025-12-09,23,2026-01-02,Yes,Facility E - Singapore,Switzerland
PO-10757,ChemPro Solutions,Sterile Syringes,Medical Devices,50,2.14,107.0,2025-12-10,10,2025-12-20,Yes,Facility C - Puerto Rico,India
PO-10110,PurePharm Supply Co,Blister Packs,Packaging,2672,9.22,24635.84,2025-12-10,16,2025-12-25,Yes,"Facility B - Indianapolis, IN",USA
PO-10763,BioSupply Partners,Lab Reagents,Lab Supplies,1757,147.28,258770.96,2025-12-11,21,2026-01-01,Yes,Facility E - Singapore,Germany
PO-10159,PharmaCorp Global,Stainless Steel Components,Manufacturing Consumables,2622,327.3,858180.6,2025-12-11,23,2026-01-03,Yes,"Facility D - Cork, Ireland",USA
PO-10642,MedSource Industries,Sterile Syringes,Medical Devices,1240,3.1,3844.0,2025-12-11,26,2026-01-08,Yes,"Facility B - Indianapolis, IN",USA
PO-10661,MedSource Industries,Active Pharmaceutical Ingredient (API),Raw Materials,1058,502.07,531190.06,2025-12-12,36,2026-01-18,Yes,Facility E - Singapore,USA
PO-10280,Apex Pharma Materials,Active Pharmaceutical Ingredient (API),Raw Materials,762,586.43,446859.66,2025-12-13,40,2026-01-22,Yes,Facility C - Puerto Rico,Switzerland
PO-10733,PharmaCorp Global,Sterile Syringes,Medical Devices,159,2.97,472.23,2025-12-13,25,2026-01-09,Yes,"Facility D - Cork, Ireland",USA
PO-10652,PurePharm Supply Co,Stainless Steel Components,Manufacturing Consumables,2603,372.59,969851.77,2025-12-15,26,2026-01-11,Yes,"Facility A - New Brunswick, NJ",USA
PO-10628,PurePharm Supply Co,Sterile Syringes,Medical Devices,1358,3.56,4834.48,2025-12-16,21,2026-01-13,No,"Facility A - New Brunswick, NJ",USA
PO-11016,MedSource Industries,Excipients,Raw Materials,417,88.66,36971.22,2025-12-17,24,2026-01-09,Yes,Facility C - Puerto Rico,USA
PO-10302,ChemPro Solutions,Glass Vials,Packaging,1605,4.09,6564.45,2025-12-18,15,2026-01-04,Yes,"Facility D - Cork, Ireland",India
PO-10382,NovaChem Ltd,Lab Reagents,Lab Supplies,1121,89.75,100609.75,2025-12-20,19,2026-01-10,Yes,"Facility A - New Brunswick, NJ",China
PO-10811,Meridian Chem Group,Cold Chain Packaging,Packaging,537,18.93,10165.41,2025-12-20,14,2026-01-04,Yes,Facility E - Singapore,China
PO-10267,PharmaCorp Global,Active Pharmaceutical Ingredient (API),Raw Materials,2045,532.94,1089862.3,2025-12-20,11,2026-01-02,Yes,Facility C - Puerto Rico,USA
PO-10394,PharmaCorp Global,Sterile Syringes,Medical Devices,2650,2.85,7552.5,2025-12-20,17,2026-01-07,Yes,Facility C - Puerto Rico,USA
PO-11002,NovaChem Ltd,Packaging Film,Packaging,1505,9.82,14779.1,2025-12-21,6,2025-12-27,Yes,"Facility D - Cork, Ireland",China
PO-10100,Meridian Chem Group,Stainless Steel Components,Manufacturing Consumables,1883,231.97,436799.51,2025-12-21,54,2026-02-17,No,Facility E - Singapore,China
PO-10738,NovaChem Ltd,Packaging Film,Packaging,2955,12.7,37528.5,2025-12-22,7,2025-12-27,Yes,Facility C - Puerto Rico,China
PO-10991,NovaChem Ltd,Active Pharmaceutical Ingredient (API),Raw Materials,1631,340.19,554849.89,2025-12-23,32,2026-01-22,Yes,"Facility B - Indianapolis, IN",China
PO-10074,MedSource Industries,Stainless Steel Components,Manufacturing Consumables,3071,335.28,1029644.88,2025-12-24,34,2026-01-25,Yes,"Facility D - Cork, Ireland",USA
PO-10920,GlobalMed Ingredients,Excipients,Raw Materials,1093,71.56,78215.08,2025-12-25,16,2026-01-09,Yes,Facility E - Singapore,Ireland
PO-10213,ChemPro Solutions,Filtration Media,Manufacturing Consumables,1069,51.56,55117.64,2025-12-25,18,2026-01-13,Yes,"Facility B - Indianapolis, IN",India
PO-10771,GlobalMed Ingredients,Glass Vials,Packaging,1447,5.79,8378.13,2025-12-26,13,2026-01-06,Yes,"Facility D - Cork, Ireland",Ireland
PO-10392,PurePharm Supply Co,Lab Reagents,Lab Supplies,2454,129.85,318651.9,2025-12-26,11,2026-01-06,Yes,"Facility D - Cork, Ireland",USA
PO-10745,PurePharm Supply Co,Excipients,Raw Materials,1305,97.4,127107.0,2025-12-27,15,2026-01-13,Yes,"Facility B - Indianapolis, IN",USA
PO-10634,Meridian Chem Group,Filtration Media,Manufacturing Consumables,496,57.05,28296.8,2025-12-28,24,2026-01-20,Yes,Facility E - Singapore,China
PO-10629,Apex Pharma Materials,Blister Packs,Packaging,315,8.23,2592.45,2025-12-28,12,2026-01-09,Yes,"Facility A - New Brunswick, NJ",Switzerland
PO-10009,GlobalMed Ingredients,Cold Chain Packaging,Packaging,303,21.17,6414.51,2025-12-28,17,2026-01-15,Yes,Facility C - Puerto Rico,Ireland
PO-10601,GlobalMed Ingredients,Cold Chain Packaging,Packaging,5661,21.92,124089.12,2025-12-28,23,2026-01-21,Yes,Facility E - Singapore,Ireland
PO-10041,GlobalMed Ingredients,Glass Vials,Packaging,520,4.39,2282.8,2025-12-29,19,2026-01-15,Yes,"Facility D - Cork, Ireland",Ireland
PO-10550,Apex Pharma Materials,Excipients,Raw Materials,848,82.84,70248.32,2025-12-30,21,2026-01-19,Yes,"Facility A - New Brunswick, NJ",Switzerland
PO-10864,NovaChem Ltd,Active Pharmaceutical Ingredient (API),Raw Materials,1455,299.05,435117.75,2025-12-30,28,2026-01-29,Yes,Facility C - Puerto Rico,China
